key	profile
1	US_ITASE-02-6 (SPRESSO)
2	US_ITASE-07-4
3	US_ITASE-02-5
4	US_ITASE-03-1
5	US_ITASE-02-4
6	US_ITASE-07-3
7	US_ITASE-02-3
8	US_ITASE-07-2
9	US_ITASE-02-2
10	US_ITASE-03-3
11	US_ITASE-02-1
12	US_ITASE-07-1
13	US_ITASE-03-4
14	US-ITASE-99-2
15	US-ITASE-99-1
16	US_ITASE-03-6
17	US_ITASE-00-1 A
18	US_ITASE-01-1
19	US_ITASE-00-7 I
20	US_ITASE-06-3
21	US_ITASE-00-2 C
22	US_ITASE-00-3 D
23	US_ITASE-00-6 H
24	US_ITASE-01-3
25	US_ITASE-00-4 E
26	US_ITASE-06-1
27	US_ITASE-03-7
28	US_ITASE-01-2
29	US_ITASE-06-2
30	US_ITASE-00-5 F
31	US_ITASE-01-4
32	US_ITASE-01-5
33	US_ITASE-01-6
34	NA
35	NA
36	NA
37	NA
38	NA
39	NA
40	NA
41	NA
42	NA
43	NA
44	NA
45	NA
46	NA
47	NA
48	NA
49	NA
50	NA
51	NA
52	NA
53	NA
54	NA
55	NA
56	NA
57	FA13B
61	PIG2010
62	THW2010
63	DIV2010
64	PARCA_6348_1998
65	PARCA_SDOMEA_1997
66	PARCA_6345_1998
67	PARCA_NDYE3A&B_1997
68	PARCA_6642B_1998
69	PARCA_6745_1998
70	PARCA_6841_1998
71	PARCA_6839_1998
72	PARCA_6945_1998
73	PARCA_6938_1998
74	PARCA_6943_1998
75	PARCA_6941_1998
76	PARCA_STUNUA_1997
77	PARCA_6939_1998
78	PARCA_7147_1997
79	NA
80	PARCA_7145_1998
81	PARCA_7247_1997
82	NA
83	PARCA_7249_1998
84	PARCA_7245_1998
85	PARCA_7345_1998
86	PARCA_7347_1998
87	PARCA_7551_1997
88	NA
89	PARCA_NASAEASTA_1997
90	PARCA_7653B_1997
91	NA
92	NA
93	NA
94	WDC06A
95	GrIT_20100608
96	GrIT_20100524
97	GrIT_20110520
98	GrIT_20100524
99	GrIT_20110512
100	GrIT_20110522
101	GrIT_20100524
102	GrIT_20110512
103	GrIT_20110524
104	GrIT_20110512
105	GrIT_20100520
106	GrIT_20100520
107	GrIT_20100520
108	GrIT_20110424
109	GrIT_20110424
110	GrIT_20110422
111	GrIT_20110422
112	GrIT_20110424
113	GrIT_20110424
114	GrIT_20110424
115	GrIT_20110508
116	GrIT_20110508
117	GrIT_20110524
118	GrIT_20100518
119	GrIT_20110428
120	GrIT_20110708
121	GrIT_20110530
122	GrIT_20110428
123	GrIT_20110430
124	GrIT_20100516
125	GrIT_20110524
126	GrIT_20110508
127	GrIT_20110528
128	GrIT_20110504
129	GrIT_20110504
130	GrIT_20110526
131	GrIT_20110506
132	GrIT_20100516
133	NEEM2009S2_Baker
134	NA
135	NA
136	NA
137	NA
138	NA
139	NA
140	NA
141	NA
142	NA
143	NA
144	NA
145	NA
146	NA
147	NA
148	NA
149	NA
150	NA
151	NA
152	NA
153	NA
154	NA
155	NA
156	NA
157	NA
158	NA
159	NA
160	NA
161	NA
162	NA
163	NA
164	NA
165	NA
166	NA
167	NA
168	NA
169	NA
170	NA
171	NA
172	NA
173	NA
174	NA
175	NA
176	NA
177	NA
178	NA
179	NA
180	NA
181	NA
182	NA
183	NA
184	NA
185	NA
186	NA
187	NA
188	NA
189	NA
190	NA
191	00-20
192	NA
193	NA
194	NA
195	NA
196	NA
197	NA
198	NA
199	NA
200	NA
201	NA
202	NA
203	NA
204	NA
205	NA
206	NA
207	NA
208	NA
209	NA
210	NA
211	NA
212	NA
213	NA
214	NA
215	NA
216	NA
217	NA
218	NA
219	NA
220	NA
221	NA
222	NA
223	NA
224	NA
225	NA
226	NA
227	NA
228	NA
229	NA
230	NA
231	NA
232	NA
233	NA
234	NA
235	NA
236	NA
237	NA
238	NA
239	NA
240	NA
241	NA
242	NA
243	NA
244	NA
245	NA
246	NA
247	NA
248	NA
249	NA
250	NA
251	NA
252	NA
253	NA
254	NA
255	NA
256	NA
257	NA
258	NA
259	NA
260	NA
261	NA
262	NA
263	NA
264	NA
265	NA
266	NA
267	NA
268	NA
269	NA
270	NA
271	NA
272	NA
273	NA
274	NA
275	NA
276	NA
277	NA
278	NA
279	NA
280	NA
281	NA
282	NA
283	NA
284	NA
285	NA
286	NA
287	NA
288	NA
289	NA
290	NA
291	NA
292	NA
293	NA
294	NA
295	NA
296	NA
297	NA
298	NA
299	NA
300	NA
301	NA
302	NA
303	NA
304	NA
305	NA
306	NA
307	NA
308	NA
309	NA
310	NA
311	NA
312	NA
313	NA
314	NA
315	NA
316	NA
317	NA
318	NA
319	NA
320	NA
321	NA
322	NA
323	NA
324	NA
325	NA
326	NA
327	NA
328	NA
329	NA
330	NA
331	NA
332	NA
333	NA
334	NA
335	NA
336	NA
337	NA
338	NA
339	NA
340	NA
341	NA
342	NA
343	NA
344	NA
345	NA
346	NA
347	NA
348	NA
349	NA
350	NA
351	NA
352	NA
353	NA
354	NA
355	NA
356	NA
357	NA
358	NA
359	NA
360	NA
361	NA
362	NA
363	NA
364	NA
365	NA
366	NA
367	NA
368	NA
369	NA
370	NA
371	NA
372	NA
373	NA
374	NA
375	NA
376	NA
377	NA
378	NA
379	NA
380	NA
381	NA
382	NA
383	NA
384	NA
385	NA
386	NA
387	NA
388	NA
389	NA
390	NA
391	NA
392	NA
393	NA
394	NA
395	NA
396	NA
397	NA
398	NA
399	NA
400	NA
401	NA
402	NA
403	NA
404	NA
405	NA
406	NA
407	NA
408	NA
409	NA
410	NA
411	NA
412	NA
413	NA
414	NA
415	NA
416	NA
417	NA
418	NA
419	NA
420	NA
421	NA
422	NA
423	NA
424	NA
425	NA
426	NA
427	NA
428	NA
429	NA
430	NA
431	NA
432	NA
433	NA
434	NA
435	NA
436	NA
437	NA
438	NA
439	NA
440	NA
441	NA
442	NA
443	NA
444	NA
445	NA
446	NA
447	NA
448	NA
449	NA
450	NA
451	NA
452	NA
453	NA
454	NA
455	NA
456	NA
457	NA
458	NA
459	NA
460	NA
461	NA
462	NA
463	NA
464	NA
465	NA
466	NA
467	NA
468	NA
469	NA
470	NA
471	NA
472	NA
473	NA
474	NA
475	NA
476	NA
477	NA
478	NA
479	NA
480	NA
481	NA
482	NA
483	NA
484	NA
485	NA
486	NA
487	NA
488	NA
489	NA
490	NA
491	NA
492	NA
493	NA
494	NA
495	NA
496	NA
497	NA
498	NA
499	NA
500	NA
501	NA
502	NA
503	NA
504	NA
505	NA
506	NA
507	NA
508	NA
509	NA
510	NA
511	NA
512	NA
513	NA
514	NA
515	NA
516	NA
517	NA
518	NA
519	NA
520	NA
521	NA
522	NA
523	NA
524	NA
525	NA
526	NA
527	NA
528	NA
529	NA
530	NA
531	NA
532	NA
533	NA
534	NA
535	NA
536	NA
537	NA
538	NA
539	NA
540	NA
541	NA
542	NA
543	NA
544	NA
545	NA
546	NA
547	NA
548	NA
549	NA
550	NA
551	NA
552	NA
553	NA
554	NA
555	NA
556	NA
557	NA
558	NA
559	NA
560	NA
561	NA
562	NA
563	NA
564	NA
565	NA
566	NA
567	NA
568	NA
569	NA
570	NA
571	NA
572	NA
573	NA
574	NA
575	NA
576	NA
577	NA
578	NA
579	NA
580	NA
581	NA
582	NA
583	NA
584	NA
585	NA
586	NA
587	NA
588	NA
589	NA
590	NA
591	NA
592	NA
593	NA
594	NA
595	NA
596	NA
597	NA
598	NA
599	NA
600	NA
601	NA
602	NA
603	NA
604	NA
605	NA
606	NA
607	NA
608	NA
609	NA
610	NA
611	NA
612	ngt03C93.2_B16
613	ngt06C93.2_B17
614	ngt14C93.2_B18
615	ngt27C94.2_B21
616	ngt37C95.2_B26
617	ngt42C95.2_B29
618	NA
619	NA
620	NA
621	NA
622	NA
623	NA
624	NA
625	NA
626	NA
627	NA
628	NA
629	NA
630	NA
631	NA
632	NA
633	NA
634	NA
635	NA
636	NA
637	NA
638	NA
639	NA
640	NA
641	NA
642	NA
643	NA
644	NA
645	NA
646	NA
647	NA
648	NA
649	NA
650	NA
651	NA
652	NA
653	NA
654	NA
655	NA
656	NA
657	NA
658	NA
659	NA
660	NA
661	NA
662	NA
663	NA
664	NA
665	NA
666	NA
667	NA
668	NA
669	NA
670	NA
671	NA
672	NA
673	NA
674	NA
675	NA
676	NA
677	NA
678	NA
679	NA
680	NA
681	NA
682	NA
683	NA
684	NA
685	NA
686	NA
687	NA
688	NA
689	NA
690	NA
691	NA
692	NA
693	NA
694	NA
695	NA
696	NA
697	NA
698	NA
699	NA
700	NA
701	NA
702	NA
703	NA
704	NA
705	NA
706	NA
707	NA
708	NA
709	NA
710	NA
711	NA
712	NA
713	NA
714	NA
715	NA
716	NA
717	NA
718	NA
719	NA
720	NA
721	NA
722	NA
723	DML87S05_22
724	BER11C95_25
725	DML77S05_12
726	DML80S05_15
727	DML78S05_13
728	DML84S05_19
729	DML82S05_17
730	DML81S05_16
731	DML89S05_24
732	DML85S05_20
733	DML86S05_21
734	DML79S05_14
735	DML87S05_22
736	DML83S05_18
737	DML76S05_11
738	DML88S05_23
739	DML90S05_25
740	DML28C01_00
741	FRI15C90_131
742	FRI11S90_235
743	FRI12S90_236
744	FRI12C90_236
745	FRI02C92_246
746	FRI16S90_230
747	FRI18S90_330
748	FRI21C90_HWF
749	FRI13S90_335
750	FRI19C90_05
751	NM02C89_01
752	FRI10S90_136
753	FRI09C90_90
754	FRI18C90_330
755	FRI10C90_136
756	FRI16C90_230
757	FRI17C90_231
758	FRI15S90_131
759	FRI17S90_231
760	FRI11C90_235
761	FRI14C90_336
762	FRI13C90_335
763	FRI20C90_06
764	FRI01S84_141
765	FRI08S84_341
766	FRI13S86_335
767	FRI18S86_330
768	FRI08S86_341
769	FRI15S86_131
770	BER02S90_02
771	BER01S90_01
772	FRI12S90_236
773	FRI03S86_345
774	FRI07S84_340
775	FRI16S86_230
776	FRI07S86_340
777	FRI12C92_15
778	FRI04S84_140
779	FRI05S84_240
780	FRI0686S_241
781	FRI06S84_241
782	FRI17S86_231
783	FRI05S86_240
784	FRI34C95_03
785	FRI24C95_15
786	FRI30C95_09
787	FRI29C95_10
788	FRI32C95_07
789	FRI38C95_04
790	DML01C97_00
791	FRI26C95_13
792	DML08C97_00
793	DML04C97_00
794	DML09C97_00
795	DML07C98_3
796	FRI25C95_14
797	FRI28C95_11
798	FRI33C95_06
799	FRI37C95_05
800	FRI23C95_16
801	FRI07C84_340
802	FRI27C95_12
803	FRI36C95_02
804	DML03C97_00
805	DML06C97_00
806	DML25C00_01
807	DML27C00_04
808	NA
809	DML07C97_00
810	DML05C97_00
811	FRI31C95_08
812	FRI35C95_01
813	DML05C98_3
814	DML12C98_17
815	DML20C98_08
816	DML22C98_11
817	DML05C98_07
818	DML19C98_05
819	DML05C98_06
820	DML641C02_01
821	DML02S98_13
822	DML13C98_16
823	DML15C98_14
824	DML18C98_04
825	DML23C98_12
826	DML14C98_15
827	DML11C98_03
828	DML17C98_3
829	NM033C98_01
830	DML60C98_02
831	DML16C98_13
832	DML21C98_10
833	DML651C02_03
834	NM02C02_02
835	DML03C98_09
836	DML24C98_18
837	BER01C90_01
838	BER02C90_02
839	NA
840	NA
841	NA
842	NA
843	NA
844	NA
845	NA
846	NA
847	NA
848	NA
849	NA
850	NA
851	NA
852	NA
853	NA
854	NA
855	NA
856	NA
857	NA
858	NA
859	NA
860	NA
861	NA
862	NA
863	NA
864	NA
865	NA
866	NA
867	NA
868	NA
869	NA
870	NA
871	NA
872	NA
873	NA
874	NA
875	NA
876	NA
877	NA
878	NA
879	NA
880	NA
881	NA
882	NA
883	NA
884	NA
885	NA
886	NA
887	NA
888	NA
889	NA
890	NA
891	NA
892	NA
893	NA
894	NA
895	NA
896	NA
897	NA
898	NA
899	NA
900	NA
901	NA
902	NA
903	NA
904	NA
905	NA
906	NA
907	NA
908	NA
909	NA
910	NA
911	NA
912	NA
913	NA
914	NA
915	NA
916	NA
917	NA
918	NA
919	NA
920	NA
921	NA
922	NA
923	BER01S90_01
924	BER02S90_02
925	Camp_VI_1959
926	T31_1959
927	T43_1959
928	T53_1959
929	T61_1959
930	iSTAR01
931	iSTAR03
932	iSTAR04
933	iSTAR05
934	iSTAR06
935	iSTAR07
936	iSTAR08
937	iSTAR09
938	iSTAR10
939	iSTAR11
940	iSTAR12
941	iSTAR13
942	iSTAR14
943	iSTAR15
944	iSTAR16
945	iSTAR17
946	iSTAR18
947	iSTAR19
948	iSTAR20
949	iSTAR21
950	iSTAR22
951	NA
952	NA
953	NA
954	DML66C03_01
955	NA
956	NA
957	NA
958	NA
959	NA
960	NA
961	NA
962	NA
963	NA
964	NA
965	NA
966	NA
967	NA
968	NA
969	NA
970	NA
971	NA
972	NA
973	NA
974	NA
975	NA
976	NA
977	NA
978	NA
979	NA
980	NA
981	NA
982	NA
983	NA
984	NA
985	NA
986	NA
987	NA
988	NA
989	NA
990	NA
991	NA
992	NA
993	NA
994	NA
995	NA
996	NA
997	NA
998	NA
999	NA
1000	NA
1001	NA
1002	NA
1003	NA
1004	NA
1005	NA
1006	NA
1007	NA
1008	NA
1009	NA
1010	NA
1011	NA
1012	NA
1013	NA
1014	NA
1015	NA
1016	NA
1017	NA
1018	NA
1019	NA
1020	NA
1021	NA
1022	NA
1023	NA
1024	NA
1025	NA
1026	NA
1027	NA
1028	NA
1029	NA
1030	NA
1031	NA
1032	NA
1033	NA
1034	NA
1035	NA
1036	NA
1037	NA
1038	NA
1039	NA
1040	NA
1041	NA
1042	NA
1043	NA
1044	NA
1045	NA
1046	NA
1047	NA
1048	NA
1049	NA
1050	NA
1051	NA
1052	NA
1053	NA
1054	NA
1055	NA
1056	NA
1057	NA
1058	NA
1059	NA
1060	NA
1061	NA
1062	NA
1063	NA
1064	NA
1065	NA
1066	NA
1067	NA
1068	NA
1069	NA
1070	NA
1071	NA
1072	NA
1073	NA
1074	NA
1075	NA
1076	NA
1077	NA
1078	NA
1079	NA
1080	NA
1081	NA
1082	NA
1083	NA
1084	NA
1085	NA
1086	NA
1087	NA
1088	NA
1089	NA
1090	NA
1091	NA
1092	NA
1093	NA
1094	NA
1095	NA
1096	NA
1097	NA
1098	NA
1099	NA
1100	NA
1101	NA
1102	NA
1103	NA
1104	NA
1105	NA
1106	NA
1107	NA
1108	NA
1109	NA
1110	NA
1111	NA
1112	NA
1113	NA
1114	NA
1115	NA
1116	NA
1117	NA
1118	NA
1119	NA
1120	NA
1121	NA
1122	NA
1123	NA
1124	NA
1125	NA
1126	NA
1127	NA
1128	NA
1129	NA
1130	NA
1131	NA
1132	NA
1133	NA
1134	NA
1135	NA
1136	NA
1137	NA
1138	NA
1139	NA
1140	NA
1141	NA
1142	NA
1143	NA
1144	NA
1145	NA
1146	NA
1147	NA
1148	NA
1149	NA
1150	NA
1151	NA
1152	NA
1153	NA
1154	NA
1155	NA
1156	NA
1157	NA
1158	NA
1159	NA
1160	NA
1161	NA
1162	NA
1163	NA
1164	NA
1165	NA
1166	NA
1167	NA
1168	NA
1169	NA
1170	NA
1171	NA
1172	NA
1173	NA
1174	NA
1175	NA
1176	NA
1177	NA
1178	NA
1179	NA
1180	NA
1181	NA
1182	NA
1183	NA
1184	NA
1185	NA
1186	NA
1187	NA
1188	NA
1189	NA
1190	NA
1191	NA
1192	NA
1193	NA
1194	NA
1195	NA
1196	NA
1197	NA
1198	NA
1199	NA
1200	NA
1201	NA
1202	NA
1203	NA
1204	NA
1205	NA
1206	NA
1207	NA
1208	NA
1209	NA
1210	NA
1211	NA
1212	NA
1213	NA
1214	NA
1215	NA
1216	NA
1217	NA
1218	NA
1219	NA
1220	NA
1221	NA
1222	NA
1223	NA
1224	NA
1225	NA
1226	NA
1227	NA
1228	NA
1229	NA
1230	NA
1231	NA
1232	NA
1233	NA
1234	NA
1235	NA
1236	NA
1237	NA
1238	NA
1239	NA
1240	NA
1241	NA
1242	NA
1243	NA
1244	NA
1245	NA
1246	NA
1247	NA
1248	NA
1249	NA
1250	NA
1251	NA
1252	NA
1253	NA
1254	NA
1255	NA
1256	NA
1257	NA
1258	NA
1259	NA
1260	NA
1261	NA
1262	NA
1263	NA
1264	NA
1265	NA
1266	NA
1267	NA
1268	NA
1269	NA
1270	NA
1271	NA
1272	NA
1273	NA
1274	NA
1275	NA
1276	NA
1277	NA
1278	NA
1279	NA
1280	NA
1281	NA
1282	NA
1283	NA
1284	NA
1285	NA
1286	NA
1287	NA
1288	NA
1289	NA
1290	NA
1291	NA
1292	NA
1293	NA
1294	NA
1295	NA
1296	NA
1297	NA
1298	NA
1299	NA
1300	NA
1301	NA
1302	NA
1303	NA
1304	NA
1305	NA
1306	NA
1307	NA
1308	NA
1309	NA
1310	NA
1311	NA
1312	NA
1313	NA
1314	NA
1315	NA
1316	NA
1317	NA
1318	NA
1319	NA
1320	NA
1321	NA
1322	NA
1323	NA
1324	NA
1325	NA
1326	NA
1327	NA
1328	NA
1329	NA
1330	NA
1331	NA
1332	NA
1333	NA
1334	NA
1335	NA
1336	NA
1337	NA
1338	NA
1339	NA
1340	NA
1341	NA
1342	NA
1343	NA
1344	NA
1345	NA
1346	NA
1347	NA
1348	NA
1349	NA
1350	NA
1351	NA
1352	NA
1353	NA
1354	NA
1355	NA
1356	NA
1357	NA
1358	NA
1359	NA
1360	NA
1361	NA
1362	NA
1363	NA
1364	NA
1365	NA
1366	NA
1367	NA
1368	NA
1369	NA
1370	NA
1371	NA
1372	NA
1373	NA
1374	NA
1375	NA
1376	NA
1377	NA
1378	NA
1379	NA
1380	NA
1381	NA
1382	NA
1383	NA
1384	NA
1385	NA
1386	NA
1387	NA
1388	NA
1389	NA
1390	NA
1391	NA
1392	NA
1393	NA
1394	NA
1395	NA
1396	NA
1397	NA
1398	NA
1399	NA
1400	NA
1401	NA
1402	NA
1403	NA
1404	NA
1405	NA
1406	NA
1407	NA
1408	NA
1409	NA
1410	NA
1411	NA
1412	NA
1413	NA
1414	NA
1415	NA
1416	NA
1417	NA
1418	NA
1419	NA
1420	NA
1421	NA
1422	NA
1423	NA
1424	NA
1425	NA
1426	NA
1427	NA
1428	NA
1429	NA
1430	NA
1431	NA
1432	NA
1433	NA
1434	NA
1435	NA
1436	NA
1437	NA
1438	NA
1439	NA
1440	NA
1441	NA
1442	NA
1443	NA
1444	NA
1445	NA
1446	NA
1447	NA
1448	NA
1449	NA
1450	NA
1451	NA
1452	NA
1453	NA
1454	NA
1455	NA
1456	NA
1457	NA
1458	NA
1459	NA
1460	NA
1461	NA
1462	NA
1463	NA
1464	NA
1465	NA
1466	NA
1467	NA
1468	NA
1469	NA
1470	NA
1471	NA
1472	NA
1473	NA
1474	NA
1475	NA
1476	NA
1477	NA
1478	NA
1479	NA
1480	NA
1481	NA
1482	NA
1483	NA
1484	NA
1485	NA
1486	NA
1487	NA
1488	NA
1489	NA
1490	NA
1491	NA
1492	NA
1493	NA
1494	NA
1495	NA
1496	NA
1497	NA
1498	NA
1499	NA
1500	NA
1501	NA
1502	NA
1503	NA
1504	NA
1505	NA
1506	NA
1507	NA
1508	NA
1509	NA
1510	NA
1511	NA
1512	NA
1513	NA
1514	NA
1515	NA
1516	NA
1517	NA
1518	NA
1519	NA
1520	NA
1521	NA
1522	NA
1523	NA
1524	NA
1525	NA
1526	NA
1527	NA
1528	NA
1529	NA
1530	NA
1531	NA
1532	NA
1533	NA
1534	NA
1535	NA
1536	NA
1537	NA
1538	NA
1539	NA
1540	NA
1541	NA
1542	NA
1543	NA
1544	NA
1545	NA
1546	NA
1547	NA
1548	NA
1549	NA
1550	NA
1551	NA
1552	NA
1553	NA
1554	NA
1555	NA
1556	NA
1557	NA
1558	NA
1559	NA
1560	NA
1561	NA
1562	NA
1563	NA
1564	NA
1565	NA
1566	NA
1567	NA
1568	NA
1569	NA
1570	NA
1571	NA
1572	NA
1573	NA
1574	NA
1575	NA
1576	NA
1577	NA
1578	NA
1579	NA
1580	NA
1581	NA
1582	NA
1583	NA
1584	NA
1585	NA
1586	NA
1587	NA
1588	NA
1589	NA
1590	NA
1591	NA
1592	NA
1593	NA
1594	NA
1595	NA
1596	NA
1597	NA
1598	NA
1599	NA
1600	NA
1601	NA
1602	NA
1603	NA
1604	NA
1605	NA
1606	NA
1607	NA
1608	NA
1609	NA
1610	NA
1611	NA
1612	NA
1613	NA
1614	NA
1615	NA
1616	NA
1617	NA
1618	NA
1619	NA
1620	NA
1621	NA
1622	NA
1623	NA
1624	NA
1625	NA
1626	NA
1627	NA
1628	NA
1629	NA
1630	NA
1631	NA
1632	NA
1633	NA
1634	NA
1635	NA
1636	NA
1637	NA
1638	NA
1639	NA
1640	NA
1641	NA
1642	NA
1643	NA
1644	NA
1645	NA
1646	NA
1647	NA
1648	NA
1649	NA
1650	NA
1651	NA
1652	NA
1653	NA
1654	NA
1655	NA
1656	NA
1657	NA
1658	NA
1659	NA
1660	NA
1661	NA
1662	NA
1663	NA
1664	NA
1665	NA
1666	NA
1667	NA
1668	NA
1669	NA
1670	NA
1671	NA
1672	NA
1673	NA
1674	NA
1675	NA
1676	NA
1677	NA
1678	NA
1679	NA
1680	NA
1681	NA
1682	NA
1683	NA
1684	NA
1685	NA
1686	NA
1687	NA
1688	NA
1689	NA
1690	NA
1691	NA
1692	NA
1693	NA
1694	NA
1695	NA
1696	NA
1697	NA
1698	NA
1699	NA
1700	NA
1701	NA
1702	NA
1703	NA
1704	NA
1705	NA
1706	NA
1707	DML96C07_39
1708	NA
1709	NA
1710	NA
1711	NA
1712	NA
1713	NA
1714	NA
1715	NA
1716	NA
1717	NA
1718	NA
1719	NA
1720	NA
1721	NA
1722	NA
1723	NA
1724	NA
1725	NA
1726	NA
1727	NA
1728	NA
1729	NA
1730	NA
1731	NA
1732	NA
1733	NA
1734	NA
1735	NA
1736	NA
1737	NA
1738	NA
1739	NA
1740	NA
1741	NA
1742	NA
1743	NA
1744	NA
1745	NA
1746	NA
1747	NA
1748	NA
1749	NA
1750	NA
1751	NA
1752	NA
1753	NA
1754	NA
1755	NA
1756	NA
1757	NA
1758	NA
1759	NA
1760	NA
1761	NA
1762	NA
1763	NA
1764	NA
1765	NA
1766	NA
1767	NA
1768	NA
1769	NA
1770	NA
1771	NA
1772	NA
1773	NA
1774	NA
1775	NA
1776	NA
1777	NA
1778	NA
1779	NA
1780	NA
1781	NA
1782	NA
1783	NA
1784	NA
1785	NA
1786	NA
1787	NA
1788	NA
1789	NA
1790	NA
1791	NA
1792	NA
1793	NA
1794	NA
1795	NA
1796	NA
1797	NA
1798	NA
1799	NA
1800	NA
1801	NA
1802	NA
1803	NA
1804	NA
1805	NA
1806	NA
1807	NA
1808	NA
1809	NA
1810	NA
1811	NA
1812	NA
1813	NA
1814	NA
1815	NA
1816	NA
1817	NA
1818	NA
1819	NA
1820	NA
1821	NA
1822	NA
1823	NA
1824	NA
1825	NA
1826	NA
1827	NA
1828	NA
1829	NA
1830	NA
1831	NA
1832	NA
1833	NA
1834	NA
1835	NA
1836	NA
1837	NA
1838	NA
1839	NA
1840	NA
1841	NA
1842	NA
1843	NA
1844	NA
1845	NA
1846	NA
1847	NA
1848	NA
1849	NA
1850	NA
1851	NA
1852	NA
1853	NA
1854	NA
1855	NA
1856	NA
1857	NA
1858	NA
1859	NA
1860	NA
1861	NA
1862	NA
1863	NA
1864	NA
1865	NA
1866	NA
1867	NA
1868	NA
1869	NA
1870	NA
1871	NA
1872	NA
1873	NA
1874	NA
1875	NA
1876	NA
1877	NA
1878	NA
1879	NA
1880	NA
1881	NA
1882	NA
1883	NA
1884	NA
1885	NA
1886	NA
1887	NA
1888	NA
1889	NA
1890	NA
1891	NA
1892	NA
1893	NA
1894	NA
1895	NA
1896	NA
1897	NA
1898	NA
1899	NA
1900	NA
1901	NA
1902	NA
1903	NA
1904	NA
1905	NA
1906	NA
1907	NA
1908	NA
1909	NA
1910	NA
1911	NA
1912	NA
1913	NA
1914	NA
1915	NA
1916	NA
1917	NA
1918	NA
1919	NA
1920	NA
1921	NA
1922	NA
1923	NA
1924	NA
1925	NA
1926	NA
1927	NA
1928	NA
1929	NA
1930	NA
1931	NA
1932	NA
1933	NA
1934	NA
1935	NA
1936	NA
1937	NA
1938	NA
1939	NA
1940	Wilkins_core_1
1941	Wilkins_core_2
1942	Wilkins_core_3
1944	Wilkins_snowpit
1945	NA
1946	NA
1947	NA
1948	NA
1949	NA
1950	NA
1951	NA
1952	NA
1953	NA
1954	NA
1955	NA
1956	NA
1957	NA
1958	NA
1959	NA
1960	NA
1961	NA
1962	NA
1963	NA
1964	NA
1965	NA
1966	NA
1967	NA
1968	NA
1969	NA
1970	NA
1971	NA
1972	NA
1973	NA
1974	NA
1975	NA
1976	NA
1977	NA
1978	NA
1979	NA
1980	NA
1981	NA
1982	NA
1983	NA
1984	NA
1985	NA
1986	NA
1987	NA
1988	NA
1989	NA
1990	NA
1991	NA
1992	NA
1993	NA
1994	NA
1995	NA
1996	NA
1997	NA
1998	NA
1999	NA
2000	BPRC_1993
2001	Carrefour 1967
2002	T15 1959
2012	ngt19C.0_B19
2013	L1 (1001)
2014	L2 (12.18)
2015	L5 (15.12)
2016	U3 (2003)
2017	U4 (2004)
2018	U6 (2006)
2019	U7 (2007)
2020	1D (3001)
2021	8D (3008)
2022	Site 13
2023	Site 15
2024	Site 31
2025	Site 37
2026	Summit
2027	Site 51
2028	Site 57
2029	Site 571
2030	Site 73
2031	Tunu-N_PIT_E25
2032	Tunu-N_PIT_E50
2033	Tunu-N_PIT_N25
2034	Tunu-N_PIT_N50
2035	Tunu-N_PIT_S
2036	Tunu-N_PIT_W25
2037	Tunu-N_PIT_W50
2038	Tunu-N_PIT_T-1
2039	GC-Net_CP2
2040	GC-Net_DYE-2 North
2041	GC-Net_JAR Pit
2042	GC-Net_Swiss Camp (Profile 01)
2043	GC-Net_DYE-2 (1999)
2044	GC-Net_Saddle (1999)
2045	GC-Net_NASA-SE (1999)
2046	GC-Net_GITS (Pit 01 - 1999)
2047	GC-Net_Humboldt
2048	GC-Net_Summit
2049	GC-Net_DYE-2 
2050	GC-Net_Swiss Camp
2051	GC-Net_NGRIP
2052	GC-Net_Swiss Camp (2002)
2053	GC-Net_DYE-2 (2005)
2054	GC-Net_Swiss Camp (2005)
2055	GC-Net_NASA-SE (2005)
2056	GC-Net_Saddle
2058	GC-Net_NASA-U
2061	APO_Quadra mining
2062	APO_Stake 1
2063	APO_Stake 4
2064	APO_Stake 5
2065	APO_Stake 9
2066	APO_Stake 12
2067	GC-Net_Petermann
2068	GC-Net_GITS
2069	GC-Net_Humbolt
2070	GC-Net_Tunu-N
2072	GC-Net_NASA-E
2073	GC-Net_NASA-SE
2075	GC-Net_DYE-2
2076	GC-Net_CP1
2077	GC-Net_JAR1 profile 01
2080	APO_Stake 3
2081	APO_ZAC-U
2086	GC-Net_South Dome
2088	APO_ZAC-L (profile 01)
2089	APO_ZAC-U (station 2, profile 01)
2090	APO_ZAC-U (station 2, profile 02)
2091	APO_ZAC-U (station 3, profile 01)
2092	APO_ZAC-U (station 3, profile 02)
2095	GC-Net_Crawford Point
2098	GC-Net_Petermann ELA
2103	APO_ZAC-A
2105	APO_ZAC-L
2110	GlacioBasis_Stake 10
2111	GlacioBasis_Stake 13
2112	GlacioBasis_Stake 15
2113	GlacioBasis_ZAC-L
2114	GlacioBasis_ZAC-U (MIDDLE AWS)
2121	GC-Net_NEEM
2127	GlacioBasis_ZAC-U
2128	GlacioBasis_ZAC-A
2138	2016_DYE-2 Pit 01
2139	2016_DYE-2 Pit 02
2140	2016_DYE-2 Pit 03
2141	2016_DYE-2 Pit North
2142	2016_DYE-2 Pit South
2143	2016_DYE-2 Pit West
2144	2016_DYE-2 Pit East
2145	2016_NASA-SE
2146	2016_Saddle
2147	2016_EKT Pit 05
2148	2016_KANU Pit 03
2149	2016_KANU Pit 05
2150	2016_DYE-2 Firn Cover Station
2151	2016_KANU Pit 03 - 2015
2152	2016_KANU Pit 04 - 2015
2153	2016_SUMMIT Pit 01.1 - 2015
2154	2016_SUMMIT Pit 01.2 - 2015
2155	2016_Crawford Point
2156	2016_EastGRIP Pit 01 - 2017
2157	2016_SUMMIT Pit 01 - 2017
2158	GC-Net
2166	GlacioBasis_Lower Station
2168	PROMICE_T1
2169	PROMICE_T2
2170	PROMICE_T3
2171	PROMICE_T4
2172	PROMICE_T5
2173	PROMICE_T6
2174	PROMICE_THU_L
2175	PROMICE_THU_U
2176	PROMICE_THU_U_new
2177	PROMICE_0-6_new
2178	SwissCamp_Swiss Camp PIT 01
2179	SwissCamp_Swiss Camp PIT 03
2180	SwissCamp_Swiss Camp PIT 04
2181	CP1_CP1 (Core 1)
2185	NSE_NSE (Core 1)
2186	SDM_SDM (Core 1)
2187	GC-Net_KPC-U
2188	GC-Net_NASA-E (Mast Core)
2189	GC-Net_Tunu-N (Mast Core)
2190	GC-Net_NEEM (5m Core)
2191	GC-Net_CP1 (Mast Core)
2192	GC-Net_DYE-2 (Therm Core)
2193	GC-Net_CEN2 (Therm Core)
2194	GC-Net_Humboldt (Snow Pit)
2195	GlacioBasis
2196	Nanok_PIT 01
2197	Nanok_PIT 02
2198	Nanok_PIT 03
2199	Nanok_PIT 04
2200	Nanok_PIT 05
2201	Nanok_PIT 06
2202	Nanok_PIT 07
2203	Nanok_PIT 08
2204	Nanok_PIT 09
2205	Nanok_PIT 10
2206	GC-Net_KAN_U_2023_core
2207	GC-Net_NSE_2023_core
2208	GC-Net_SDM_2023_core
2209	GC-Net_SDM_2023_snowpit
2210	GC-Net_SDL_2023_core
2211	GC-Net_DY2_2023_core
2212	GC-Net_DY2_2023_snowpit
2213	GC-Net_CEN_2023_snowpit
2214	GC-Net_CP1_2023_core
2215	GC-Net_CP1_2023_snowpit
2216	GC-Net_NAE_2023_core
2217	GC-Net_NAE_2023_snowpit
2218	GC-Net_NAU_2023_core
2219	GC-Net_TUN_2023_snowpit
2220	GC-Net_TUN_2023_core
2221	GC-Net_HUM_2023_snowpit
2222	Dye 2 (Raven) Core A
2223	Dye 2 (Raven) Core B
2224	Tunu-N_main
2225	Tunu-1
2226	Tunu-N25
2227	Tunu-N50
2228	Tunu-E25
2229	Tunu-E50
2230	Tunu-W25
2231	Tunu-W50
2232	Tunu-S7.5
2233	GITS_core_1_1996
2234	GITS_core_2_1996
2235	GITS_pit_1996
2236	Humboldt-M
2237	Humboldt-M2
2238	Humboldt-E
2239	Humboldt-N
2240	Humboldt-S
2241	Humboldt-W
2242	NASA-U_Henderson
2243	CP_2007
2244	T41_2004_May
2245	T41_2004_May_a
2246	T41_2004_May_b
2247	T41_2004_Jun
2248	T41_2006_May
2249	T41_2006_May_a
2250	T41_2006_May_b
2251	T41_2006_Jun
2252	T41_2004_Aug
2253	T41_2004_Aug_a
2254	T41_2004_Aug_b
2255	T21_2004_Sep
2256	T31_2004_Sep
2257	T35_2004_Sep
2258	T41_2004_Aug_c
2259	T12_2006_May
2260	T15_2006_May
2261	T19_2006_May
2262	T31_2006_May
2263	T35_2006_May
2264	T41_2006_May_c
2265	T12_2006_Aug
2266	T15_2006_Aug
2267	T19_2006_Aug
2268	T21_2006_Aug
2269	T23_2006_Aug
2270	T27_2006_Aug
2271	T31_2006_Aug
2272	T35_2006_Jul
2273	T39_2006_Jul
2274	T41_2006_Jul
2275	T05_2006_Aug
2276	T09_2006_Aug
2277	T21_2006_Aug_a
2278	T41_2006_Jul_a
2279	T41_2006_Jul_b
2280	T41_2006_Jul_c
2281	T41_2006_Jul_d
2282	T12_2004_Apr
2283	T15_2004_Apr
2284	T19_2004_Apr
2285	T21_2004_May
2286	T23_2004_May
2287	T27_2004_May
2288	T31_2004_May
2289	T35_2004_May
2290	T39_2004_May
2291	T41_2004_May_c
2292	T21_2004_May_a
2293	T21_2011_Aug
2294	T21_2011_Jul
2295	T23_2011_Jul
2296	T27_2011_Jul
2297	T31_2011_Jul
2298	T35_2011_Jul
2299	T39_2011_Jul
2300	T41_2011_Jul
2301	T41_2011_Jul_a
2302	T41_2011_Jul_b
2303	T41_2011_Jul_c
2304	T21_2010_Jul
2305	T21_2010_Jun
2306	T23_2010_Jun
2307	T27_2010_Jun
2308	T31_2010_Jun
2309	T35_2010_Jun
2310	T39_2010_Jun
2311	T41_2010_Jun
2312	T41_2010_Jun_a
2313	T41_2010_Jun_b
2314	T41_2010_Jun_c
2315	T41_2010_Jun_d
2316	T05
2317	T09
2318	T13
2319	T17
2320	T21
2321	T27
2322	T31
2323	T41
2324	T43
2325	T43
2326	T47
2327	T53
2328	T61
2329	T66
2330	T99
2331	Site J
2332	Eismitte_1930-01-10
2333	Eismitte_1930-03-12
2334	Eismitte_1930-04-12
2335	Eismitte_1930-07-12
2336	Eismitte_1930-09-24
2337	Eismitte_1930-09-25
2338	Eismitte_1930-09-27
2339	Eismitte_1930-09-30
2340	Eismitte_1930-10-12
2341	Eismitte_1930-10-19
2342	Eismitte_1930-10-22
2343	Eismitte_1930-10-24
2344	Eismitte_1930-10-25
2345	Eismitte_1930-10-26
2346	Eismitte_1930-11-12
2347	Eismitte_1930-12-28
2348	Eismitte_1931-01-15
2349	Eismitte_1931-01-18
2350	Eismitte_1931-01-22
2351	Eismitte_1931-01-23
2352	Eismitte_1931-02-02
2353	Eismitte_1931-02-26
2354	Eismitte_1931-03-02
2355	Eismitte_1931-03-04
2356	Eismitte_1931-03-19
2357	Eismitte_1931-03-20
2358	Eismitte_1931-03-24
2359	Eismitte_1931-03-25
2360	Eismitte_1931-03-29
2361	Eismitte_1931-03-30
2362	Eismitte_1931-04-13
2363	Eismitte_1931-04-23
2364	Eismitte_1931-04-25
2365	Eismitte_1931-04-29
2366	Eismitte_1931-05-01
2367	Eismitte_1931-05-02
2368	Eismitte_1931-05-03
2369	Eismitte_1931-06-01
2370	Eismitte_1931-07-01
2371	Eismitte_1931-09-02
2372	Eismitte_1931-09-04
2373	Eismitte_1931-10-02
2374	Eismitte_1931-10-03
2375	Eismitte_1931-12-03
2376	Wegener_RA25_1930-07-16
2377	Wegener_RA45_1930-07-17
2378	Wegener_RA50_1930-07-17
2379	Wegener_RA65_1930-07-18
2380	Wegener_RA70_1930-07-18
2381	Wegener_RA75_1930-07-18
2382	Wegener_RA80_1930-07-18
2383	Wegener_RA85_1930-07-18
2384	Wegener_RA90_1930-07-19
2385	Wegener_RA95_1930-07-19
2386	Wegener_RA100_1930-07-19
2387	Wegener_RA105_1930-07-19
2388	Wegener_RA110_1930-07-19
2389	Wegener_RA115_1930-07-19
2390	Wegener_RA120_1930-07-20
2391	Wegener_RA125_1930-07-20
2392	Wegener_RA130_1930-07-20
2393	Wegener_RA135_1930-07-20
2394	Wegener_RA140_1930-07-20
2395	Wegener_RA145_1930-07-21
2396	Wegener_RA150_1930-07-21
2397	Wegener_RA155_1930-07-21
2398	Wegener_RA160_1930-07-21
2399	Wegener_RA165_1930-07-21
2400	Wegener_RA170_1930-07-22
2401	Wegener_RA175_1930-07-22
2402	Wegener_RA185_1930-07-22
2403	Wegener_RA190_1930-07-22
2404	Wegener_RA200_1930-07-23
2405	Wegener_RA200_1930-07-24
2406	Wegener_RA120_1930-07-25
2407	Wegener_RA205_1930-07-24
2408	Wegener_RA211_1930-07-24
2409	Wegener_RA215_1930-07-24
2410	Wegener_RA225_1930-07-25
2411	Wegener_RA230_1930-07-25
2412	Wegener_RA235_1930-07-25
2413	Wegener_RA240_1930-07-25
2414	Wegener_RA245_1930-07-25
2415	Wegener_RA250_1930-07-26
2416	Wegener_RA255_1930-07-26
2417	Wegener_RA260_1930-07-26
2418	Wegener_RA265_1930-07-26
2419	Wegener_RA270_1930-07-26
2420	Wegener_RA285_1930-07-27
2421	Wegener_RA290_1930-07-27
2422	Wegener_RA310_1930-07-28
2423	Wegener_RA315_1930-07-28
2424	Wegener_RA350_1930-07-28
2425	Wegener_RA350_1930-07-29
2426	Wegener_RA25_1930-07-08
2427	Wegener_RA25_1930-08-08
2428	Wegener_RA30_1930-08-08
2429	Wegener_RA35_1930-08-08
2430	Wegener_RA40_1930-08-08
2431	Wegener_RA50_1930-08-08
2432	Wegener_RA60_1930-08-08
2433	Wegener_RA70_1930-09-08
2434	Wegener_RA75_1930-09-08
2435	Wegener_RA80_1930-09-08
2436	Wegener_RA90_1930-09-08
2437	Wegener_RA95_1930-09-08
2438	Wegener_RA100_1930-10-08
2439	Wegener_RA120_1930-10-08
2440	Wegener_RA130_1930-10-08
2441	Wegener_RA135_1930-10-08
2442	Wegener_RA140_1930-11-08
2443	Wegener_RA155_1930-11-08
2444	Wegener_RA160_1930-11-08
2445	Wegener_RA165_1930-11-08
2446	Wegener_RA185_1930-12-08
2447	Wegener_RA190_1930-12-08
2448	Wegener_RA205_1930-08-13
2449	Wegener_RA210_1930-08-13
2450	Wegener_RA220_1930-08-13
2451	Wegener_RA225_1930-08-13
2452	Wegener_RA230_1930-08-13
2453	Wegener_RA235_1930-08-13
2454	Wegener_RA240_1930-08-14
2455	Wegener_RA245_1930-08-14
2456	Wegener_RA255_1930-08-14
2457	Wegener_RA265_1930-08-14
2458	Wegener_RA270_1930-08-15
2459	Wegener_RA280_1930-08-15
2460	Wegener_RA285_1930-08-15
2461	Wegener_RA295_1930-08-15
2462	Wegener_RA300_1930-08-15
2463	Wegener_RA310_1930-08-16
2464	Wegener_RA320_1930-08-16
2465	Wegener_RA325_1930-08-16
2466	Wegener_RA330_1930-08-16
2467	Wegener_RA335_1930-08-16
2468	Wegener_RA345_1930-08-17
2469	Wegener_RA350_1930-08-17
2470	Wegener_RA360_1930-08-17
2471	Wegener_RA370_1930-08-17
2472	Wegener_RA380_1930-08-17
2473	Wegener_RA385_1930-08-18
2474	Wegener_RA65_1930-08-24
2475	Wegener_RA75_1930-09-29
2476	Wegener_RA90_1930-09-30
2477	Wegener_RA110_1930-01-10
2478	Wegener_RA200_1931-08-06
2479	Wegener_RA150_1931-12-06
2480	Wegener_RA140_1931-06-14
2481	Wegener_RA87_1931-06-24
2482	Wegener_RA87_1931-06-25
2483	Wegener_RA58_1931-09-07
2484	Wegener_RA38_1931-11-07
2485	NEEM07S3
2486	NEEM2011S1
2487	2009S2_Keegan
2488	NG2012
2489	ACT10A
2490	ACT10B
2491	ACT10C
2492	ACT11A2
2493	ACT11A
2494	ACT11B
2495	ACT11C
2496	ACT11D
2497	FA13A
2498	FA14
2499	Byrd
2500	Camp Century
2501	DE08 DE08-2
2502	Dome C
2503	GRIP
2504	Dominion Range
2505	DSS
2506	Dye3-11B-1984
2507	Dye3-15B-1984
2508	Dye3-16C-1984
2509	Dye3-4B-1983
2510	Dye3-5B-1984
2511	Dye3-9B-1984
2512	Dye3-station1-1983
2513	Eismitte
2514	Inge Lehmann
2515	Isaksson A
2516	Isaksson C
2517	Isaksson D
2518	Isaksson E
2519	Isaksson E30m
2520	Isaksson F
2521	Isaksson G
2522	Isaksson G26m
2523	Isaksson H
2524	Isaksson I
2525	Isaksson J
2526	Isaksson 75 S/2 E
2527	Isaksson 74 16S/0 37E
2528	Isaksson 76 32S/6 08E
2529	JARE
2530	JARE11
2531	Mile 30
2532	Mile 60
2533	Mile 90
2534	Mile 120
2535	Mile 150
2536	Mile 167
2537	Mile 198
2538	Mile 222
2539	Mile 258
2540	Mile 288
2541	Mile 360
2542	Mile 457
2543	Mile 529
2544	Mile 565
2545	Mile 603
2546	Mile 639
2547	Mile 676
2548	Mile 711.5
2549	Mile 747
2550	Mile 783
2551	Mile 819
2552	Mile 855
2553	Mile 890
2554	Mile 927
2555	Mile 963
2556	Mizuho G6
2557	Mizuho G15
2558	Mizuho H15
2559	Mizuho S25
2560	Ridge B-C
2561	Site A
2562	Site A, (Crete)
2563	Site B
2564	Site C
2565	Site D
2566	Site E
2567	Site F
2568	Site G
2569	Site H
2570	Site 2
2571	South Pole
2572	Station 512
2573	Station 519
2574	Station 521
2575	Station 524
2576	Station 527
2577	Station 531
2578	Station 536
2579	Station 540
2580	Station 544
2581	Station 548
2582	Station 550
2583	Station 553
2584	Station 556
2585	Talyor Dome
2586	Upstream B
2587	Vostok (BH-3, BH-5)
2588	EastGRIP
2589	NGRIP_1999
2590	2022-T3-15m
2591	2022-T3-25m
2592	2022-T3-6m
2593	2022-T3-7m
2594	2022-T4-25m
2595	2018-CP-30m
2596	2018-T5-30m
2597	2019-T2minus-32m
2598	2019-T2-32m
2599	2019-T3-32m
2600	2019-T4-32m
2601	DYE-2
2602	Camp Century (Core B62)
2603	FS4_20m
2604	FS4_5m
2605	FS5_20m
2606	FS5_5m
2607	FS2_12m
2608	SE-Dome II (bulk)
2609	SE-Dome II (X-ray)
2610	DML94C07_38
2611	ABN1314-103
2612	USP50_density_106
2613	USP50_density_126
2614	USP50_density_nicl
2615	USP50_density_pit
2616	WAIS_WDC05C
2617	DE08-2
2618	Summit_EUROCORE
2619	Vostok_BH3
2620	Dome A CHINARE-21
2621	TalDIce ice core
2622	WDC05A
2623	WDC05C
2624	WDC05E
2625	SP 15 FC1
2626	SP 15 FC2
2637	GC-Net_DYE-2 East
2638	GC-Net_DYE-2 South
2639	GC-Net_DYE-2 West
2642	GC-Net_Swiss Camp (Profile 02)
2647	GC-Net_GITS (Pit 02 - 1999)
2662	APO_Stake 2
2665	APO_Stake 7
2680	APO_ZAC-L (profile 02)
2704	2016_DYE-2 Pit North 2
2705	2016_EKT
2708	2016_DYE-2 upGPR
2709	2016_Crawford Pit 01
2710	2016_KANU Pit 02
2711	2016_KANU BV
2712	2016_NASA-SE 02
2713	2016_Saddle Pit 01
2714	2016_SUMMIT Pit 01
2715	2016_DYE-2 Stake 00
2716	2016_DYE-2 Stake 01
2717	2016_DYE-2 Stake 02
2718	2016_DYE-2 Stake 03
2719	2016_DYE-2 Stake 04
2720	2016_DYE-2 Firn Core
2721	2016_NASA-SE Stake 00
2722	2016_NASA-SE Stake 01
2723	2016_Saddle AWS
2724	2016_KANU Core 01
2725	2016_EKT Pit 01
2728	2016_KANU Pit 04
2730	2016_Crawford Point 01
2731	2016_EastGRIP Pit 01.1 - 2015
2732	2016_EastGRIP Pit 01.2 - 2015
2734	2016_EKT North
2735	2016_EKT South
2736	2016_KANU Pit 01 - 2015
2737	2016_KANU Pit 02 - 2015
2740	2016_KANU Pit 05 - 2015
2760	SwissCamp_Swiss Camp PIT 02
2765	CP1_CP1 (Core 2)
2766	CP1_CP1 (Pit)
2767	GC-Net_CEN
2769	NSE_NSE (Core 2)
2770	NSE_NSE (Pit)
2771	PROMICE_THU_U2
2773	SDM_SDM (Core 2)
2774	SDM_SDM (Pit)
2777	GC-Net_NASA-E (Therm Core)
2778	GC-Net_NASA-E (Snow Pit)
2780	GC-Net_Tunu-N (Therm Core)
2781	GC-Net_Tunu-N (Snow Pit)
2783	GC-Net_NEEM (Snow Pit)
2785	GC-Net_CP1 (Therm Core)
2786	GC-Net_CP1 (Snow Pit)
2788	GC-Net_DYE-2 (Snow Pit)
2790	GC-Net_CEN2 (Snow Pit)
2792	GC-Net_Humboldt (Therm Core)
2805	GC-Net_KAN_U_2023_snowpit
2807	GC-Net_NSE_2023_snowpit
2811	GC-Net_SDL_2023_snowpit
2820	GC-Net_NAU_2023_snowpit
2824	GlacioBasis_ZAC_L
2825	GlacioBasis_ZAC_U
2826	GlacioBasis_ZAC_A
2827	GC-Net_NSE_S1_core
2828	GC-Net_NSE_snowpit
2829	GC-Net_DY2_S1_core
2830	GC-Net_DY2_S2_core
2831	GC-Net_DY2_snowpit
2832	GC-Net_SDM_S1_core
2833	GC-Net_SDM_S2_core
2834	GC-Net_SDM_snowpit
2835	GC-Net_CP1_core
2836	GC-Net_CP1_snowpit
2837	GC-Net_SDL_S1_core
2838	GC-Net_SDL_snowpit
2839	GC-Net_KAN_U_snowpit
2840	GC-Net_CEN_core
2841	GC-Net_CEN_snowpit
2842	GC-Net_HUM_core
2843	GC-Net_HUM_snowpit
2844	GC-Net_NEM_core
2845	GC-Net_NEM_snowpit
2846	GC-Net_EGP_snowpit_1
2847	GC-Net_EGP_snowpit_2
2848	GC-Net_NAE_snowpit_box
2849	GC-Net_NAE_snowpit_wedge
2850	GC-Net_TUN_snowpit
2851	Siple Dome shallow core B
2852	Siple Dome shallow core C
2853	Siple Dome shallow core D
2854	Siple Dome shallow core E
2855	Siple Dome shallow core F
2856	Siple Dome shallow core G
2857	Siple Dome shallow core H
2858	Siple Dome shallow core I
2859	RICE ice core
2860	2023-CP-11m
2861	2023-CP-25m
2862	2023-T4-10m
2863	2023-T5-25m
2864	EastGRIP Main Core
2865	EastGRIP S6 Core
2866	EastGRIP Trench
2867	ago5-eaiist
2868	charcot-asuma
2869	d47-asuma
2870	faus-asuma
2871	paleo-eaiist
2872	s2-vanish
2873	s2b-vanish
2874	s4-vanish
2875	sortie-asuma
2876	sp1_domec-bipol
2877	sp2_domec-bipol
2878	stop0-asuma
2879	stop1-asuma
2880	stop2-asuma
2881	stop3-asuma
2882	stop4a-asuma
2883	stop4b-asuma
2884	stop5-asuma
2885	South Pole Ice Core
2886	015_2004
2887	020_2004
2888	025_2004
2889	031_2004
2890	045_2004
2891	055_2004
2892	064_2004
2893	068_2004
2894	085_2004
2895	107_2004
2896	129_2004
2897	153_2004
2898	192_2004
2899	212_2004
2900	233_2004
2901	272_2004
2902	302_2004
2903	312_2004
2904	321_2004
2905	352_2004
2906	372_2004
2907	392_2004
2908	015_2005
2909	025_2005
2910	031_2005
2911	038_2005
2912	045_2005
2913	052_2005
2914	055_2005
2915	064_2005
2916	068_2005
2917	074_2005
2918	085_2005
2919	107_2005
2920	118_2005
2921	129_2005
2922	141_2005
2923	173_2005
2924	183_2005
2925	192_2005
2926	203_2005
2927	233_2005
2928	242_2005
2929	252_2005
2930	262_2005
2931	282_2005
2932	292_2005
2933	302_2005
2934	342_2005
2935	352_2005
2936	362_2005
2937	382_2005
2938	392_2005
2939	403_2005
2940	422_2005
2941	442_2005
2942	502_2005
2943	522_2005
2944	542_2005
2945	562_2005
2946	582_2005
2947	602_2005
2948	628_2005
2949	653_2005
2950	680_2005
2951	705_2005
2952	731_2005
2953	757_2005
2954	783_2005
2955	808_2005
2956	834_2005
2957	859_2005
2958	885_2005
2959	910_2005
2960	936_2005
2961	960_2005
2962	988_2005
2963	C01_2005
2964	C04_2005
2965	010_2006
2966	025_2006
2967	045_2006
2968	052_2006
2969	085_2006
2970	129_2006
2971	153_2006
2972	203_2006
2973	292_2006
2974	362_2006
2975	372_2006
2976	382_2006
2977	422_2006
2978	462_2006
2979	522_2006
2980	602_2006
2981	628_2006
2982	680_2006
2983	705_2006
2984	757_2006
2985	808_2006
2986	859_2006
2987	910_2006
2988	C01_2006
2989	C06_2006
2990	C14_2006
2991	C33_2006
2992	C56_2006
2993	015_2007
2994	031_2007
2995	052_2007
2996	107_2007
2997	129_2007
2998	153_2007
2999	173_2007
3000	192_2007
3001	212_2007
3002	233_2007
3003	252_2007
3004	272_2007
3005	292_2007
3006	321_2007
3007	352_2007
3008	382_2007
3009	422_2007
3010	482_2007
3011	542_2007
3012	562_2007
3013	628_2007
3014	705_2007
3015	783_2007
3016	859_2007
3017	936_2007
3018	C01_2007
3019	C09_2007
3020	C16_2007
3021	C23_2007
3022	C31_2007
3023	C39_2007
3024	C43_2007
3025	C56_2007
3026	015_2008
3027	020_2008
3028	025_2008
3029	031_2008
3030	038_2008
3031	045_2008
3032	052_2008
3033	055_2008
3034	064_2008
3035	068_2008
3036	074_2008
3037	085_2008
3038	095_2008
3039	107_2008
3040	118_2008
3041	129_2008
3042	141_2008
3043	153_2008
3044	162_2008
3045	173_2008
3046	183_2008
3047	192_2008
3048	203_2008
3049	212_2008
3050	222_2008
3051	233_2008
3052	242_2008
3053	252_2008
3054	262_2008
3055	272_2008
3056	282_2008
3057	292_2008
3058	302_2008
3059	312_2008
3060	321_2008
3061	331_2008
3062	342_2008
3063	352_2008
3064	362_2008
3065	372_2008
3066	382_2008
3067	392_2008
3068	403_2008
3069	422_2008
3070	442_2008
3071	462_2008
3072	482_2008
3073	502_2008
3074	522_2008
3075	542_2008
3076	562_2008
3077	582_2008
3078	602_2008
3079	628_2008
3080	653_2008
3081	680_2008
3082	705_2008
3083	731_2008
3084	757_2008
3085	783_2008
3086	808_2008
3087	834_2008
3088	859_2008
3089	885_2008
3090	910_2008
3091	936_2008
3092	960_2008
3093	988_2008
3094	C01_2008
3095	C04_2008
3096	C06_2008
3097	C09_2008
3098	C11_2008
3099	C14_2008
3100	C16_2008
3101	C19_2008
3102	C21_2008
3103	C23_2008
3104	C26_2008
3105	C28_2008
3106	C31_2008
3107	C33_2008
3108	C36_2008
3109	C39_2008
3110	C41_2008
3111	C43_2008
3112	C46_2008
3113	C48_2008
3114	C52_2008
3115	C56_2008
3116	010_2009
3117	015_2009
3118	020_2009
3119	025_2009
3120	031_2009
3121	038_2009
3122	045_2009
3123	052_2009
3124	064_2009
3125	074_2009
3126	085_2009
3127	095_2009
3128	107_2009
3129	118_2009
3130	129_2009
3131	141_2009
3132	153_2009
3133	162_2009
3134	173_2009
3135	183_2009
3136	192_2009
3137	203_2009
3138	212_2009
3139	222_2009
3140	233_2009
3141	242_2009
3142	252_2009
3143	262_2009
3144	272_2009
3145	282_2009
3146	292_2009
3147	302_2009
3148	312_2009
3149	321_2009
3150	331_2009
3151	342_2009
3152	352_2009
3153	362_2009
3154	372_2009
3155	382_2009
3156	392_2009
3157	403_2009
3158	422_2009
3159	442_2009
3160	462_2009
3161	482_2009
3162	502_2009
3163	522_2009
3164	542_2009
3165	562_2009
3166	582_2009
3167	602_2009
3168	628_2009
3169	653_2009
3170	680_2009
3171	705_2009
3172	731_2009
3173	757_2009
3174	783_2009
3175	808_2009
3176	834_2009
3177	859_2009
3178	885_2009
3179	910_2009
3180	936_2009
3181	960_2009
3182	988_2009
3183	C01_2009
3184	C04_2009
3185	C06_2009
3186	C09_2009
3187	C11_2009
3188	C14_2009
3189	C16_2009
3190	C19_2009
3191	C21_2009
3192	C23_2009
3193	C26_2009
3194	C28_2009
3195	C31_2009
3196	C33_2009
3197	C36_2009
3198	C39_2009
3199	C41_2009
3200	C43_2009
3201	C46_2009
3202	C48_2009
3203	C52_2009
3204	C56_2009
3205	010_2010
3206	015_2010
3207	020_2010
3208	025_2010
3209	031_2010
3210	038_2010
3211	045_2010
3212	052_2010
3213	064_2010
3214	074_2010
3215	085_2010
3216	095_2010
3217	107_2010
3218	118_2010
3219	129_2010
3220	141_2010
3221	153_2010
3222	162_2010
3223	173_2010
3224	183_2010
3225	192_2010
3226	203_2010
3227	212_2010
3228	222_2010
3229	233_2010
3230	242_2010
3231	252_2010
3232	262_2010
3233	272_2010
3234	282_2010
3235	292_2010
3236	302_2010
3237	312_2010
3238	321_2010
3239	331_2010
3240	342_2010
3241	352_2010
3242	362_2010
3243	372_2010
3244	382_2010
3245	392_2010
3246	403_2010
3247	422_2010
3248	442_2010
3249	462_2010
3250	482_2010
3251	502_2010
3252	522_2010
3253	542_2010
3254	562_2010
3255	582_2010
3256	602_2010
3257	628_2010
3258	653_2010
3259	680_2010
3260	705_2010
3261	731_2010
3262	757_2010
3263	783_2010
3264	808_2010
3265	834_2010
3266	859_2010
3267	885_2010
3268	910_2010
3269	936_2010
3270	960_2010
3271	988_2010
3272	C01_2010
3273	C04_2010
3274	C06_2010
3275	C09_2010
3276	C11_2010
3277	C14_2010
3278	C16_2010
3279	C19_2010
3280	C21_2010
3281	C23_2010
3282	C26_2010
3283	C28_2010
3284	C31_2010
3285	C33_2010
3286	C36_2010
3287	C39_2010
3288	C41_2010
3289	C43_2010
3290	C46_2010
3291	C48_2010
3292	C52_2010
3293	C56_2010
3294	010_2011
3295	015_2011
3296	020_2011
3297	025_2011
3298	031_2011
3299	038_2011
3300	045_2011
3301	052_2011
3302	055_2011
3303	064_2011
3304	068_2011
3305	074_2011
3306	085_2011
3307	095_2011
3308	107_2011
3309	118_2011
3310	129_2011
3311	141_2011
3312	162_2011
3313	173_2011
3314	183_2011
3315	192_2011
3316	203_2011
3317	212_2011
3318	222_2011
3319	233_2011
3320	242_2011
3321	252_2011
3322	262_2011
3323	272_2011
3324	282_2011
3325	292_2011
3326	302_2011
3327	312_2011
3328	321_2011
3329	331_2011
3330	342_2011
3331	352_2011
3332	362_2011
3333	372_2011
3334	382_2011
3335	392_2011
3336	403_2011
3337	422_2011
3338	442_2011
3339	462_2011
3340	482_2011
3341	502_2011
3342	522_2011
3343	542_2011
3344	562_2011
3345	582_2011
3346	602_2011
3347	628_2011
3348	653_2011
3349	680_2011
3350	705_2011
3351	731_2011
3352	757_2011
3353	783_2011
3354	808_2011
3355	834_2011
3356	859_2011
3357	885_2011
3358	910_2011
3359	936_2011
3360	960_2011
3361	988_2011
3362	C01_2011
3363	C04_2011
3364	C06_2011
3365	C09_2011
3366	C11_2011
3367	C14_2011
3368	C16_2011
3369	C19_2011
3370	C21_2011
3371	C23_2011
3372	C26_2011
3373	C28_2011
3374	C31_2011
3375	C33_2011
3376	C36_2011
3377	C39_2011
3378	C41_2011
3379	C43_2011
3380	C46_2011
3381	C48_2011
3382	C52_2011
3383	C56_2011
3384	C01_2012
3385	C04_2012
3386	C06_2012
3387	C09_2012
3388	C11_2012
3389	C14_2012
3390	C16_2012
3391	C19_2012
3392	C21_2012
3393	C23_2012
3394	C26_2012
3395	C28_2012
3396	C31_2012
3397	C33_2012
3398	C36_2012
3399	C39_2012
3400	C41_2012
3401	C43_2012
3402	C46_2012
3403	C48_2012
3404	C52_2012
3405	C56_2012
3406	010_2013
3407	015_2013
3408	020_2013
3409	025_2013
3410	031_2013
3411	038_2013
3412	045_2013
3413	052_2013
3414	055_2013
3415	064_2013
3416	068_2013
3417	074_2013
3418	085_2013
3419	095_2013
3420	107_2013
3421	118_2013
3422	129_2013
3423	141_2013
3424	153_2013
3425	162_2013
3426	173_2013
3427	183_2013
3428	192_2013
3429	203_2013
3430	212_2013
3431	222_2013
3432	233_2013
3433	242_2013
3434	252_2013
3435	262_2013
3436	272_2013
3437	282_2013
3438	292_2013
3439	302_2013
3440	312_2013
3441	321_2013
3442	331_2013
3443	342_2013
3444	352_2013
3445	362_2013
3446	372_2013
3447	382_2013
3448	392_2013
3449	403_2013
3450	422_2013
3451	442_2013
3452	462_2013
3453	482_2013
3454	502_2013
3455	522_2013
3456	542_2013
3457	562_2013
3458	582_2013
3459	602_2013
3460	628_2013
3461	653_2013
3462	680_2013
3463	705_2013
3464	731_2013
3465	757_2013
3466	783_2013
3467	808_2013
3468	834_2013
3469	859_2013
3470	885_2013
3471	910_2013
3472	936_2013
3473	960_2013
3474	988_2013
3475	C01_2013
3476	C04_2013
3477	C06_2013
3478	C09_2013
3479	C11_2013
3480	C14_2013
3481	C16_2013
3482	C19_2013
3483	C21_2013
3484	C23_2013
3485	C26_2013
3486	C28_2013
3487	C31_2013
3488	C33_2013
3489	C36_2013
3490	C39_2013
3491	C41_2013
3492	C43_2013
3493	C46_2013
3494	C48_2013
3495	C52_2013
3496	C56_2013
3497	010_2014
3498	020_2014
3499	025_2014
3500	031_2014
3501	038_2014
3502	045_2014
3503	052_2014
3504	055_2014
3505	064_2014
3506	068_2014
3507	074_2014
3508	085_2014
3509	095_2014
3510	107_2014
3511	118_2014
3512	129_2014
3513	141_2014
3514	153_2014
3515	162_2014
3516	173_2014
3517	183_2014
3518	192_2014
3519	203_2014
3520	212_2014
3521	222_2014
3522	233_2014
3523	242_2014
3524	252_2014
3525	262_2014
3526	272_2014
3527	282_2014
3528	292_2014
3529	302_2014
3530	312_2014
3531	321_2014
3532	331_2014
3533	342_2014
3534	352_2014
3535	362_2014
3536	372_2014
3537	382_2014
3538	392_2014
3539	403_2014
3540	422_2014
3541	442_2014
3542	462_2014
3543	482_2014
3544	502_2014
3545	522_2014
3546	542_2014
3547	562_2014
3548	582_2014
3549	602_2014
3550	628_2014
3551	653_2014
3552	680_2014
3553	705_2014
3554	731_2014
3555	757_2014
3556	783_2014
3557	808_2014
3558	834_2014
3559	859_2014
3560	885_2014
3561	910_2014
3562	936_2014
3563	960_2014
3564	988_2014
3565	C01_2014
3566	C04_2014
3567	C06_2014
3568	C09_2014
3569	C11_2014
3570	C14_2014
3571	C16_2014
3572	C19_2014
3573	C21_2014
3574	C23_2014
3575	C26_2014
3576	C31_2014
3577	C33_2014
3578	C36_2014
3579	C39_2014
3580	C41_2014
3581	C43_2014
3582	C46_2014
3583	C48_2014
3584	C52_2014
3585	C56_2014
3586	010_2015
3587	015_2015
3588	020_2015
3589	025_2015
3590	031_2015
3591	038_2015
3592	045_2015
3593	052_2015
3594	055_2015
3595	064_2015
3596	068_2015
3597	074_2015
3598	085_2015
3599	095_2015
3600	107_2015
3601	118_2015
3602	129_2015
3603	141_2015
3604	153_2015
3605	162_2015
3606	173_2015
3607	183_2015
3608	192_2015
3609	203_2015
3610	212_2015
3611	222_2015
3612	233_2015
3613	242_2015
3614	252_2015
3615	262_2015
3616	272_2015
3617	282_2015
3618	292_2015
3619	302_2015
3620	312_2015
3621	321_2015
3622	331_2015
3623	342_2015
3624	352_2015
3625	362_2015
3626	372_2015
3627	382_2015
3628	392_2015
3629	403_2015
3630	422_2015
3631	442_2015
3632	462_2015
3633	482_2015
3634	502_2015
3635	522_2015
3636	542_2015
3637	562_2015
3638	582_2015
3639	602_2015
3640	628_2015
3641	653_2015
3642	680_2015
3643	705_2015
3644	731_2015
3645	757_2015
3646	783_2015
3647	808_2015
3648	834_2015
3649	859_2015
3650	885_2015
3651	910_2015
3652	936_2015
3653	960_2015
3654	988_2015
3655	C01_2015
3656	C04_2015
3657	C06_2015
3658	C09_2015
3659	C11_2015
3660	C14_2015
3661	C16_2015
3662	C19_2015
3663	C21_2015
3664	C23_2015
3665	C26_2015
3666	C28_2015
3667	C31_2015
3668	C33_2015
3669	C36_2015
3670	C39_2015
3671	C41_2015
3672	C43_2015
3673	C46_2015
3674	C48_2015
3675	C52_2015
3676	C56_2015
3677	015_2016
3678	020_2016
3679	025_2016
3680	031_2016
3681	038_2016
3682	045_2016
3683	052_2016
3684	055_2016
3685	064_2016
3686	068_2016
3687	074_2016
3688	085_2016
3689	095_2016
3690	107_2016
3691	118_2016
3692	129_2016
3693	141_2016
3694	173_2016
3695	183_2016
3696	192_2016
3697	203_2016
3698	212_2016
3699	222_2016
3700	233_2016
3701	242_2016
3702	252_2016
3703	262_2016
3704	272_2016
3705	282_2016
3706	292_2016
3707	302_2016
3708	312_2016
3709	321_2016
3710	331_2016
3711	342_2016
3712	352_2016
3713	362_2016
3714	372_2016
3715	382_2016
3716	392_2016
3717	403_2016
3718	422_2016
3719	442_2016
3720	462_2016
3721	482_2016
3722	502_2016
3723	522_2016
3724	542_2016
3725	562_2016
3726	582_2016
3727	602_2016
3728	628_2016
3729	653_2016
3730	680_2016
3731	705_2016
3732	731_2016
3733	757_2016
3734	783_2016
3735	808_2016
3736	834_2016
3737	859_2016
3738	885_2016
3739	910_2016
3740	936_2016
3741	960_2016
3742	988_2016
3743	C01_2016
3744	C04_2016
3745	C06_2016
3746	C09_2016
3747	C11_2016
3748	C14_2016
3749	C16_2016
3750	C19_2016
3751	C21_2016
3752	C23_2016
3753	C26_2016
3754	C28_2016
3755	C31_2016
3756	C33_2016
3757	C36_2016
3758	C39_2016
3759	C41_2016
3760	C43_2016
3761	C46_2016
3762	C48_2016
3763	C52_2016
3764	C56_2016
3765	010_2017
3766	015_2017
3767	020_2017
3768	025_2017
3769	031_2017
3770	038_2017
3771	045_2017
3772	052_2017
3773	055_2017
3774	064_2017
3775	068_2017
3776	074_2017
3777	085_2017
3778	095_2017
3779	107_2017
3780	118_2017
3781	129_2017
3782	141_2017
3783	153_2017
3784	162_2017
3785	173_2017
3786	183_2017
3787	192_2017
3788	203_2017
3789	212_2017
3790	222_2017
3791	233_2017
3792	242_2017
3793	252_2017
3794	262_2017
3795	272_2017
3796	282_2017
3797	292_2017
3798	302_2017
3799	312_2017
3800	321_2017
3801	331_2017
3802	342_2017
3803	352_2017
3804	372_2017
3805	382_2017
3806	403_2017
3807	422_2017
3808	462_2017
3809	482_2017
3810	502_2017
3811	522_2017
3812	542_2017
3813	562_2017
3814	582_2017
3815	602_2017
3816	628_2017
3817	653_2017
3818	680_2017
3819	705_2017
3820	731_2017
3821	757_2017
3822	783_2017
3823	808_2017
3824	834_2017
3825	859_2017
3826	885_2017
3827	910_2017
3828	936_2017
3829	960_2017
3830	988_2017
3831	C01_2017
3832	C04_2017
3833	C06_2017
3834	C09_2017
3835	C11_2017
3836	C14_2017
3837	C16_2017
3838	C19_2017
3839	C21_2017
3840	C23_2017
3841	C26_2017
3842	C28_2017
3843	C31_2017
3844	C33_2017
3845	C36_2017
3846	C39_2017
3847	C41_2017
3848	C43_2017
3849	C46_2017
3850	C48_2017
3851	C52_2017
3852	C56_2017
3853	020_2018
3854	025_2018
3855	031_2018
3856	038_2018
3857	045_2018
3858	052_2018
3859	055_2018
3860	064_2018
3861	068_2018
3862	074_2018
3863	085_2018
3864	095_2018
3865	107_2018
3866	118_2018
3867	129_2018
3868	141_2018
3869	153_2018
3870	162_2018
3871	173_2018
3872	183_2018
3873	192_2018
3874	203_2018
3875	212_2018
3876	222_2018
3877	233_2018
3878	242_2018
3879	252_2018
3880	262_2018
3881	272_2018
3882	282_2018
3883	292_2018
3884	302_2018
3885	312_2018
3886	321_2018
3887	331_2018
3888	342_2018
3889	352_2018
3890	362_2018
3891	372_2018
3892	382_2018
3893	392_2018
3894	403_2018
3895	422_2018
3896	442_2018
3897	462_2018
3898	482_2018
3899	502_2018
3900	522_2018
3901	542_2018
3902	562_2018
3903	582_2018
3904	602_2018
3905	628_2018
3906	653_2018
3907	680_2018
3908	705_2018
3909	731_2018
3910	757_2018
3911	783_2018
3912	808_2018
3913	834_2018
3914	859_2018
3915	885_2018
3916	910_2018
3917	936_2018
3918	960_2018
3919	988_2018
3920	C01_2018
3921	C04_2018
3922	C06_2018
3923	C09_2018
3924	C11_2018
3925	C14_2018
3926	C16_2018
3927	C19_2018
3928	C21_2018
3929	C23_2018
3930	C26_2018
3931	C28_2018
3932	C31_2018
3933	C33_2018
3934	C39_2018
3935	C41_2018
3936	C43_2018
3937	C46_2018
3938	C48_2018
3939	C52_2018
3940	C56_2018
3941	010_2019
3942	015_2019
3943	020_2019
3944	025_2019
3945	031_2019
3946	038_2019
3947	045_2019
3948	052_2019
3949	055_2019
3950	064_2019
3951	068_2019
3952	074_2019
3953	085_2019
3954	095_2019
3955	107_2019
3956	118_2019
3957	129_2019
3958	141_2019
3959	153_2019
3960	162_2019
3961	173_2019
3962	183_2019
3963	192_2019
3964	203_2019
3965	212_2019
3966	222_2019
3967	233_2019
3968	242_2019
3969	252_2019
3970	262_2019
3971	272_2019
3972	282_2019
3973	292_2019
3974	302_2019
3975	312_2019
3976	321_2019
3977	331_2019
3978	342_2019
3979	352_2019
3980	362_2019
3981	372_2019
3982	382_2019
3983	392_2019
3984	403_2019
3985	422_2019
3986	442_2019
3987	462_2019
3988	482_2019
3989	502_2019
3990	522_2019
3991	542_2019
3992	562_2019
3993	582_2019
3994	602_2019
3995	628_2019
3996	653_2019
3997	680_2019
3998	705_2019
3999	731_2019
4000	757_2019
4001	783_2019
4002	808_2019
4003	834_2019
4004	859_2019
4005	885_2019
4006	910_2019
4007	936_2019
4008	960_2019
4009	988_2019
4010	C01_2019
4011	C04_2019
4012	C06_2019
4013	C09_2019
4014	C11_2019
4015	C14_2019
4016	C16_2019
4017	C19_2019
4018	C21_2019
4019	C23_2019
4020	C26_2019
4021	C28_2019
4022	C31_2019
4023	C33_2019
4024	C36_2019
4025	C39_2019
4026	C41_2019
4027	C43_2019
4028	C46_2019
4029	C48_2019
4030	C52_2019
4031	C56_2019
4032	010_2020
4033	015_2020
4034	020_2020
4035	025_2020
4036	031_2020
4037	038_2020
4038	045_2020
4039	052_2020
4040	055_2020
4041	064_2020
4042	068_2020
4043	074_2020
4044	085_2020
4045	095_2020
4046	107_2020
4047	118_2020
4048	129_2020
4049	141_2020
4050	153_2020
4051	162_2020
4052	173_2020
4053	183_2020
4054	192_2020
4055	203_2020
4056	212_2020
4057	222_2020
4058	233_2020
4059	242_2020
4060	252_2020
4061	262_2020
4062	272_2020
4063	282_2020
4064	292_2020
4065	302_2020
4066	312_2020
4067	321_2020
4068	331_2020
4069	342_2020
4070	352_2020
4071	362_2020
4072	372_2020
4073	382_2020
4074	392_2020
4075	403_2020
4076	422_2020
4077	442_2020
4078	462_2020
4079	482_2020
4080	502_2020
4081	522_2020
4082	542_2020
4083	562_2020
4084	582_2020
4085	602_2020
4086	628_2020
4087	653_2020
4088	680_2020
4089	705_2020
4090	731_2020
4091	757_2020
4092	783_2020
4093	808_2020
4094	834_2020
4095	859_2020
4096	885_2020
4097	910_2020
4098	936_2020
4099	960_2020
4100	988_2020
4101	C01_2020
4102	C04_2020
4103	C06_2020
4104	C09_2020
4105	C11_2020
4106	C14_2020
4107	C16_2020
4108	C19_2020
4109	C21_2020
4110	C23_2020
4111	C26_2020
4112	C28_2020
4113	C31_2020
4114	C33_2020
4115	C36_2020
4116	C39_2020
4117	C41_2020
4118	C43_2020
4119	C46_2020
4120	C48_2020
4121	C52_2020
4122	C56_2020
4123	020_2021
4124	025_2021
4125	031_2021
4126	038_2021
4127	045_2021
4128	052_2021
4129	055_2021
4130	064_2021
4131	068_2021
4132	074_2021
4133	085_2021
4134	095_2021
4135	107_2021
4136	118_2021
4137	129_2021
4138	141_2021
4139	153_2021
4140	162_2021
4141	173_2021
4142	183_2021
4143	192_2021
4144	203_2021
4145	212_2021
4146	222_2021
4147	233_2021
4148	242_2021
4149	252_2021
4150	262_2021
4151	272_2021
4152	282_2021
4153	292_2021
4154	302_2021
4155	312_2021
4156	321_2021
4157	331_2021
4158	342_2021
4159	352_2021
4160	362_2021
4161	372_2021
4162	382_2021
4163	392_2021
4164	403_2021
4165	422_2021
4166	442_2021
4167	462_2021
4168	482_2021
4169	502_2021
4170	522_2021
4171	562_2021
4172	582_2021
4173	602_2021
4174	628_2021
4175	653_2021
4176	680_2021
4177	705_2021
4178	731_2021
4179	757_2021
4180	783_2021
4181	808_2021
4182	834_2021
4183	859_2021
4184	885_2021
4185	910_2021
4186	936_2021
4187	960_2021
4188	988_2021
4189	C01_2021
4190	C04_2021
4191	C06_2021
4192	C09_2021
4193	C11_2021
4194	C14_2021
4195	C16_2021
4196	C19_2021
4197	C21_2021
4198	C23_2021
4199	C26_2021
4200	C28_2021
4201	C31_2021
4202	C33_2021
4203	C36_2021
4204	C39_2021
4205	C41_2021
4206	C43_2021
4207	C48_2021
4208	C52_2021
4209	C56_2021
4210	C01_2022
4211	C04_2022
4212	C06_2022
4213	C09_2022
4214	C11_2022
4215	C14_2022
4216	C16_2022
4217	C19_2022
4218	C21_2022
4219	C23_2022
4220	C26_2022
4221	C28_2022
4222	C31_2022
4223	C33_2022
4224	C36_2022
4225	C39_2022
4226	C41_2022
4227	C43_2022
4228	C46_2022
4229	C48_2022
4230	C52_2022
4231	C56_2022
4232	010_2023
4233	015_2023
4234	020_2023
4235	025_2023
4236	031_2023
4237	038_2023
4238	045_2023
4239	052_2023
4240	055_2023
4241	064_2023
4242	068_2023
4243	074_2023
4244	085_2023
4245	095_2023
4246	107_2023
4247	118_2023
4248	129_2023
4249	141_2023
4250	153_2023
4251	162_2023
4252	173_2023
4253	183_2023
4254	192_2023
4255	203_2023
4256	212_2023
4257	222_2023
4258	233_2023
4259	242_2023
4260	252_2023
4261	262_2023
4262	272_2023
4263	282_2023
4264	292_2023
4265	302_2023
4266	312_2023
4267	321_2023
4268	331_2023
4269	342_2023
4270	352_2023
4271	362_2023
4272	372_2023
4273	382_2023
4274	392_2023
4275	403_2023
4276	422_2023
4277	442_2023
4278	462_2023
4279	482_2023
4280	502_2023
4281	522_2023
4282	542_2023
4283	562_2023
4284	582_2023
4285	602_2023
4286	628_2023
4287	653_2023
4288	680_2023
4289	705_2023
4290	731_2023
4291	757_2023
4292	783_2023
4293	808_2023
4294	834_2023
4295	859_2023
4296	885_2023
4297	910_2023
4298	936_2023
4299	960_2023
4300	988_2023
4301	C01_2023
4302	C04_2023
4303	C06_2023
4304	C09_2023
4305	C11_2023
4306	C14_2023
4307	C16_2023
4308	C19_2023
4309	C21_2023
4310	C23_2023
4311	C26_2023
4312	C28_2023
4313	C31_2023
4314	C33_2023
4315	C36_2023
4316	C39_2023
4317	C41_2023
4318	C43_2023
4319	C46_2023
4320	C48_2023
4321	C52_2023
4322	C56_2023
4323	010_2024
4324	015_2024
4325	020_2024
4326	025_2024
4327	031_2024
4328	038_2024
4329	045_2024
4330	052_2024
4331	055_2024
4332	064_2024
4333	068_2024
4334	074_2024
4335	085_2024
4336	095_2024
4337	107_2024
4338	118_2024
4339	129_2024
4340	141_2024
4341	153_2024
4342	162_2024
4343	173_2024
4344	183_2024
4345	192_2024
4346	203_2024
4347	212_2024
4348	222_2024
4349	233_2024
4350	242_2024
4351	252_2024
4352	262_2024
4353	272_2024
4354	282_2024
4355	292_2024
4356	302_2024
4357	312_2024
4358	321_2024
4359	331_2024
4360	342_2024
4361	352_2024
4362	362_2024
4363	372_2024
4364	382_2024
4365	392_2024
4366	403_2024
4367	422_2024
4368	442_2024
4369	462_2024
4370	482_2024
4371	502_2024
4372	522_2024
4373	542_2024
4374	562_2024
4375	582_2024
4376	602_2024
4377	628_2024
4378	653_2024
4379	680_2024
4380	705_2024
4381	731_2024
4382	757_2024
4383	783_2024
4384	808_2024
4385	834_2024
4386	859_2024
4387	885_2024
4388	910_2024
4389	936_2024
4390	960_2024
4391	988_2024
4392	C01_2024
4393	C04_2024
4394	C06_2024
4395	C09_2024
4396	C11_2024
4397	C14_2024
4398	C16_2024
4399	C19_2024
4400	C21_2024
4401	C23_2024
4402	C26_2024
4403	C28_2024
4404	C31_2024
4405	C33_2024
4406	C36_2024
4407	C39_2024
4408	C41_2024
4409	C43_2024
4410	C46_2024
4411	C48_2024
4412	C52_2024
4413	C56_2024
4414	BR-IC-02
4415	BR-IC-03
4416	BR-IC-04
4417	BR-IC-05
4418	BR-IC-06
4419	Mount Johns
4420	BR-TT-01
4421	BR-TT-06
4422	BR-TT-07
4423	Drake
4424	Ezcurra
4425	Ultra clean snow pit King George Island
4426	Lange
4427	DMC_2006
4428	Puits 1999
4429	Puits 2001
4430	DMC_2008_5m
4431	Firetracc 1999
4432	DC1_2004
4433	DC PICO 2006
4434	D57
4435	D47
