key	reference	reference_short
1	US International Trans-Antarctic Scientific Expedition (US ITASE) Glaciochemical Data, Version 2- Mayewski, P. A. and D. A. Dixon. 2013. US International Trans-Antarctic Scientific Expedition (US ITASE) Glaciochemical Data. Version 2. [US_ITASE_Core Info-SWE-Density_2013.xlsx]. Boulder, Colorado USA: National Snow and Ice Data Center.	US ITASE: Mayewski and Dixon (2013)
2	SIMBA 2007 data - Lewis, M. J., Tison, J. L., Weissling, B., Delille, B., Ackley, S. F., Brabant, F., Xie, H., 2011. Sea ice and snow cover characteristics during the winter- spring transition in the Bellingshausen Sea: an overview of SIMBA 2007, Deep Sea Research II , doi:10.1016/j.dsr2.2010.10.027.	SIMBA: Lewis et al. (2007)
3	Satellite-Era Accumulation Traverse 2011 (SEAT11) snowpit density data – Brucker, L. and Koenig, L., SEAT11 Traverse snowpit density data.	SEAT11: Brucker and Koenig (2011)
4	Koenig, L., C. Miege, R. R. Forster, and L. Brucker. (2014). Greenland Firn Aquifer core (FA13) densities - Initial in situ measurements of perennial meltwater storage in the Greenland firn aquifer Geophysical Research Letters. 10.1002/2013GL058083.	Koenig et al. (2014)
5	Miège, C., R. R. Forster, J. E. Box, E. W. Burgess, J. R. McConnell, D. R. Pasteris, and V. B. Spikes (2013), 2010 Arctic Circle Traverse - Southeast Greenland high accumulation rates derived from firn cores and ground-penetrating radar, Annals of Glaciology, 54(63), 322–332, doi:10.3189/2013AoG63A358.	Miège et al. (2013)
6	Medley, B et al. (2013). Airborne-radar and ice-core observations of annual snow accumulation over Thwaites Glacier, West Antarctica confirm the spatiotemporal variability of global and regional atmospheric models. Geophysical Research Letters, 40(14), 3649-3654. doi: 10.1002/grl.50706	Medley et al. (2013)
7	Mosley-Thompson, E., J.R. McConnell, R.C. Bales, Z. Li, P-N. Lin, K. Steffen, L.G. Thompson, R. Edwards, and D. Bathke,2001, Local to Regional-Scale Variability of Greenland Accumulation from PARCA cores. Journal of Geophysical Research (Atmospheres), 106 (D24), 33,839-33,851. doi: 10.1029/2001JD900067	Mosley-Thompson et al. (2001)
8	Albert, Mary. 2007. Snow and Firn Permeability: Characteristics of Snow Megadunes and their Potential Effects on Ice Core Interpretation. [densdata.xls]. Boulder, Colorado USA: National Snow and Ice Data Center. http://dx.doi.org/10.7265/N5639MPD.	Albert et al. (2007)
9	Kreutz, K., B. Koffman, D. Breton, and G. Hamilton. 2011. Microparticle, Conductivity, and Density Measurements from the WAIS Divide Deep Ice Core, Antarctica. [WDC06A_rho_clen.txt]. Boulder, Colorado USA: National Snow and Ice Data Center. http://dx.doi.org/10.7265/N5K07264.	Kreutz et al. (2011)
10	Hawley, R. L., Z. R. Courville, L. M. Kehrl, E. R. Lutz, E. C. Osterberg, T. B. Overly, G. J. Wong. 2014. Recent Accumulation Variability in Northwest Greenland from GPR and Shallow Cores Along the Greenland Inland Traverse. Journal of Glaciology. 60(220), 60, doi: 10.3189/2014JoG13J141.	Hawley et al. (2014)
11	Baker, I. Density and permeability measurements with depth for the NEEM 2009S2 firn core. ACADIS Gateway, accessed 2015.	Baker et al. (2009)
12	Benson, Carl S. 2013. Greenland Snow Pit and Core Stratigraphy (Analog and Digital Formats). Boulder, Colorado USA: National Snow and Ice Data Center.	Benson (1962, 2010, 2013)
13	Benson, C.S., 2010: Greenland Snow Pit and Core Stratigraphy Collection.  Coll. 2010011. Roger G. Barry Archives and Resource Center. National Snow Data Center.	Benson (1962, 2010, 2013)
14	Chellman, N. 2009. Core Atmospheric and Snow Measurements at Summit Greenland Environmental Observatory: Snow Pit. NSF Arctic Data Center. doi:10.18739/A2888F.	Chellman et al. (2009)
15	Ohmura, A., and Coauthors. 1991: ETH Greenland Expedition I, progress report no. 1, April 1989 to February, 1991. Tech. Report, Department of Geography, ETH Zürich, 108 pp.	Ohmura (1991, 1992)
16	Ohmura, A., and Coauthors. 1992: ETH Greenland Expedition II, progress Rep. 2, April 1991 to October, 1992. Tech. Report, Department of Geography, ETH Zürich, 94 pp.	Ohmura (1991, 1992)
17	Mayewski, P.A. and Whitlow, S. 2016. Snow Pit Data from Greenland Summit, 1989 to 1993. NSF Arctic Data Center. doi:10.5065/D6NP22KX.	Mayewski and Whitlow (2016)
18	Mayewski, P.A. and Whitlow, S. 2016. Regional Survey of Greenland, 1988 - Snow Pit Data. NSF Arctic Data Center. doi:10.5065/D6154F6J.	Mayewski et al. (2016b)
19	Mayewski, P.A. and Whitlow, S. 2016. Snow Pit Data from Greenland Summit, 1987. NSF Arctic Data Center. doi:10.5065/D63X84RQ.	Mayewski et al. (2016c)
20	Mayewski, P.A. and Whitlow, S. 2016. Snow Pit and Ice Core Data from Southern Greenland, 1984. NSF Arctic Data Center. doi:10.5065/D6S180MH.	Mayewski et al. (2016d)
21	Dibb, J. E., and M. Fahnestock,2004, Snow accumulation, surface height change and firn densification at Summit, Greenland: Insights from two years of in-situ observation, Journal of Geophysical Research, 109, D24113, doi:10.1029/2003JD004300.	Dibb and Fahnestock (2004)
22	Dibb et al., 2007 (Seasonal variations in the soluble ion content of snow at Summit, Greenland: Constraints from three years of daily surface snow samples, Atmos. Environ., 41, 5007-5019).	Dibb et al. (2007)
23	Schaller, C. Florian; Freitag, J.; Kipfstuhl, S.; Laepple, Thomas; Steen-Larsen, Hans-Christian; Eisen, Olaf (2016): NEEM to EGRIP traverse - density of the surface snow (2 m profiles). doi:10.1594/PANGAEA.867873, In supplement to: Schaller, CF et al. (2016): A representative density profile of the North Greenland snowpack. The Cryosphere, 10(5), 19912002, doi:10.5194/tc-10-1991-2016	Schaller et al. (2016)
24	Wilhelms, F. (2000): Density of ice core ngt03C93.2 from the North Greenland Traverse. doi:10.1594/PANGAEA.56560	Wilhelms et al. (2000a,b,c,d)
25	Wilhelms, F. (2000): Density of ice core ngt06C93.2 from the North Greenland Traverse. doi:10.1594/PANGAEA.57153	Wilhelms et al. (2000a,b,c,d)
26	Wilhelms, F. (2000): Density of ice core ngt14C93.2 from the North Greenland Traverse. doi:10.1594/PANGAEA.56615	Wilhelms et al. (2000a,b,c,d)
27	Wilhelms, F. (2000): Density of ice core ngt27C94.2 from the North Greenland Traverse. doi:10.1594/PANGAEA.57296	Wilhelms et al. (2000a,b,c,d)
28	Miller, H.; Schwager, H. (2000): Density of ice core ngt37C95.2 from the North Greenland Traverse. doi:10.1594/PANGAEA.57798	Miller and Schwager (2000a,b)
29	Miller, H.; Schwager, H. (2000): Density of ice core ngt42C95.2 from the North Greenland Traverse. doi:10.1594/PANGAEA.57655	Miller and Schwager (2000a,b)
30	Bolzan, J.F.; Strobel, M (1999): Oxygen isotope data from snowpit at GISP2 Site 15. doi:10.1594/PANGAEA.55511	Bolzan and Strobel (1999a,b,c,d,e,f,g,h,i,j,k,l,m,n,o)
31	Bolzan, J.F.; Strobel, M (2001): Oxygen isotope data from snowpit at GISP2 Site 571. doi:10.1594/PANGAEA.59996	Bolzan and Strobel (2001a,b)
32	Bolzan, J.F.; Strobel, M (2001): Oxygen isotope data from snowpit at GISP2 Site 44. doi:10.1594/PANGAEA.59995	Bolzan and Strobel (2001a,b)
33	Bolzan, J.F.; Strobel, M (1999): Oxygen isotope data from snowpit at GISP2 Site 73. doi:10.1594/PANGAEA.55516	Bolzan and Strobel (1999a,b,c,d,e,f,g,h,i,j,k,l,m,n,o)
34	Bolzan, J.F.; Strobel, M (1999): Oxygen isotope data from snowpit at GISP2 Site 57. doi:10.1594/PANGAEA.55515	Bolzan and Strobel (1999a,b,c,d,e,f,g,h,i,j,k,l,m,n,o)
35	Bolzan, J.F.; Strobel, M (1999): Oxygen isotope data from snowpit at GISP2 Site 37. doi:10.1594/PANGAEA.55513	Bolzan and Strobel (1999a,b,c,d,e,f,g,h,i,j,k,l,m,n,o)
36	Bolzan, J.F.; Strobel, M (1999): Oxygen isotope data from snowpit at GISP2 Site 31. doi:10.1594/PANGAEA.55512	Bolzan and Strobel (1999a,b,c,d,e,f,g,h,i,j,k,l,m,n,o)
37	Bolzan, J.F.; Strobel, M (1999): Oxygen isotope data from snowpit at GISP2 Site 13. doi:10.1594/PANGAEA.55510	Bolzan and Strobel (1999a,b,c,d,e,f,g,h,i,j,k,l,m,n,o)
38	Bolzan, J.F.; Strobel, M (1999): Oxygen isotope data from snowpit at GISP2 Site 51. doi:10.1594/PANGAEA.55514	Bolzan and Strobel (1999a,b,c,d,e,f,g,h,i,j,k,l,m,n,o)
39	Conway, H. (2003) Roosevelt Island Ice Core Density and Beta Count Data, Version 1. Boulder, Colorado USA. NSIDC: National Snow and Ice Data Center. doi: http://dx.doi.org/10.7265/N55718ZW.	Conway et al. (2003)
40	Alley, Richard B (1999): GISP2 Stratigraphy. doi:10.1594/PANGAEA.56103	Alley et al. (1999)
41	Dibb, J. (2017) Personal Communication	Dibb et al. (2017)
42	Hastings, M. and Dibb, J. (2017) Personal Communication	Hastings et al. (2017)
43	Machguth, Horst, Mike MacFerrin, Dirk van As, et al. 2016. Greenland Meltwater Storage in Firn Limited by Near-Surface Ice Formation. Nature Climate Change 6: 390.	Machguth et al. (2016)
44	Hubbard, B., Tison, J.L., Philippe, M., Heene, B., Pattyn, F., Malone, T. and Freitag, J., 2013. Ice shelf density reconstructed from optical televiewer borehole logging. Geophysical research letters, 40(22), pp.5882-5887. https://doi.org/10.1002/2013GL058023	Hubbard et al. (2013)
45	MacFerrin, M., Machguth, H., As, D.v. et al. Rapid expansion of Greenland’s low-permeability ice slabs. Nature 573, 403–407 (2019). https://doi.org/10.1038/s41586-019-1550-3	MacFerrin et al. (2019)
46	MacFerrin, M. J., Stevens, C. M., Vandecrux, B., Waddington, E. D., and Abdalati, W., 2022, The Greenland Firn Compaction Verification and Reconnaissance (FirnCover) dataset, 2013–2019, Earth Syst. Sci. Data, 14, 955–971, https://doi.org/10.5194/essd-14-955-2022	MacFerrin et al. (2022)
47	Harper, J. T., N. Humphrey, W. T. Pfeffer, J. Brown, and X. Fettweis (2012), Greenland ice-sheet contribution to sea-level rise buffered by meltwater storage in firn., Nature, 491(7423), 240–3, doi:10.1038/nature11566.	Harper et al. (2012)
48	Oerter, H. (2008): High resolution density and d18O of snow pit DML87S05_22. PANGAEA, https://doi.org/10.1594/PANGAEA.708093	Oerter et al. (2008a,b,c,d,e,f,g,h,i,j,k,l,m,n,o,p)
49	Gerland, S.; Wilhelms, F. (1999): Continuous density log of icecore BER11C95_25. PANGAEA, https://doi.org/10.1594/PANGAEA.227732	Gerland et al. (1999)
50	Oerter, H. (2008): Density and d18O in 10 cm resolution of snow pit DML77S05_12. PANGAEA, https://doi.org/10.1594/PANGAEA.708098	Oerter et al. (2008a,b,c,d,e,f,g,h,i,j,k,l,m,n,o,p)
51	Oerter, H. (2008): Density and d18O in 10 cm resolution of snow pit DML80S05_15. PANGAEA, https://doi.org/10.1594/PANGAEA.708101	Oerter et al. (2008a,b,c,d,e,f,g,h,i,j,k,l,m,n,o,p)
52	Oerter, H. (2008): Density and d18O in 10 cm resolution of snow pit DML78S05_13. PANGAEA, https://doi.org/10.1594/PANGAEA.708099	Oerter et al. (2008a,b,c,d,e,f,g,h,i,j,k,l,m,n,o,p)
53	Oerter, H. (2008): Density and d18O in 10 cm resolution of snow pit DML84S05_19. PANGAEA, https://doi.org/10.1594/PANGAEA.708105	Oerter et al. (2008a,b,c,d,e,f,g,h,i,j,k,l,m,n,o,p)
54	Oerter, H. (2008): Density and d18O in 10 cm resolution of snow pit DML82S05_17. PANGAEA, https://doi.org/10.1594/PANGAEA.708103	Oerter et al. (2008a,b,c,d,e,f,g,h,i,j,k,l,m,n,o,p)
55	Oerter, H. (2008): Density and d18O in 10 cm resolution of snow pit DML81S05_16. PANGAEA, https://doi.org/10.1594/PANGAEA.708102	Oerter et al. (2008a,b,c,d,e,f,g,h,i,j,k,l,m,n,o,p)
56	Oerter, H. (2008): Density and d18O in 10 cm resolution of snow pit DML89S05_24. PANGAEA, https://doi.org/10.1594/PANGAEA.708110	Oerter et al. (2008a,b,c,d,e,f,g,h,i,j,k,l,m,n,o,p)
57	Oerter, H. (2008): Density and d18O in 10 cm resolution of snow pit DML85S05_20. PANGAEA, https://doi.org/10.1594/PANGAEA.708106	Oerter et al. (2008a,b,c,d,e,f,g,h,i,j,k,l,m,n,o,p)
58	Oerter, H. (2008): Density and d18O in 10 cm resolution of snow pit DML86S05_21. PANGAEA, https://doi.org/10.1594/PANGAEA.708107	Oerter et al. (2008a,b,c,d,e,f,g,h,i,j,k,l,m,n,o,p)
59	Oerter, H. (2008): Density and d18O in 10 cm resolution of snow pit DML79S05_14. PANGAEA, https://doi.org/10.1594/PANGAEA.708100	Oerter et al. (2008a,b,c,d,e,f,g,h,i,j,k,l,m,n,o,p)
60	Oerter, H. (2008): Density and d18O in 10 cm resolution of snow pit DML87S05_22. PANGAEA, https://doi.org/10.1594/PANGAEA.708108	Oerter et al. (2008a,b,c,d,e,f,g,h,i,j,k,l,m,n,o,p)
61	Oerter, H. (2008): Density and d18O in 10 cm resolution of snow pit DML83S05_18. PANGAEA, https://doi.org/10.1594/PANGAEA.708104	Oerter et al. (2008a,b,c,d,e,f,g,h,i,j,k,l,m,n,o,p)
62	Oerter, H. (2008): Density and d18O in 10 cm resolution of snow pit DML76S05_11. PANGAEA, https://doi.org/10.1594/PANGAEA.708097	Oerter et al. (2008a,b,c,d,e,f,g,h,i,j,k,l,m,n,o,p)
63	Oerter, H. (2008): Density and d18O in 10 cm resolution of snow pit DML88S05_23. PANGAEA, https://doi.org/10.1594/PANGAEA.708109	Oerter et al. (2008a,b,c,d,e,f,g,h,i,j,k,l,m,n,o,p)
64	Oerter, H. (2008): Density and d18O in 10 cm resolution of snow pit DML90S05_25. PANGAEA, https://doi.org/10.1594/PANGAEA.708111	Oerter et al. (2008a,b,c,d,e,f,g,h,i,j,k,l,m,n,o,p)
65	Oerter, H. (2002): Density of firn core DML28C01_00. Alfred Wegener Institute, Helmholtz Center for Polar and Marine Research, Bremerhaven, PANGAEA, https://doi.org/10.1594/PANGAEA.69513	Oerter et al. (2002)
66	Graf, W.; Oerter, H. (2006): Density and deuterium of firn core FRI15C90_131. PANGAEA, https://doi.org/10.1594/PANGAEA.548630	Graf and Oerter (2006a,b,c,d,e,f,g,h,i,j,k,l,m,n,o,p,q,r,s,t,u,v,w,x,y,z)
67	Graf, W.; Oerter, H. (2006): Density and d18O of snow pit FRI11S90_235. PANGAEA, https://doi.org/10.1594/PANGAEA.548656	Graf and Oerter (2006a,b,c,d,e,f,g,h,i,j,k,l,m,n,o,p,q,r,s,t,u,v,w,x,y,z)
68	Graf, W.; Oerter, H. (2006): Density and d18O of snow pit FRI12S90_236. PANGAEA, https://doi.org/10.1594/PANGAEA.548657	Graf and Oerter (2006a,b,c,d,e,f,g,h,i,j,k,l,m,n,o,p,q,r,s,t,u,v,w,x,y,z)
69	Graf, W.; Oerter, H. (2006): Density, d18O, deuterium, and tritium of firn core FRI12C90_236. PANGAEA, https://doi.org/10.1594/PANGAEA.548627	Graf and Oerter (2006a,b,c,d,e,f,g,h,i,j,k,l,m,n,o,p,q,r,s,t,u,v,w,x,y,z)
70	Graf, W.; Oerter, H. (2006): Density and d18O of firn core FRI02C92_246. PANGAEA, https://doi.org/10.1594/PANGAEA.548623	Graf and Oerter (2006a,b,c,d,e,f,g,h,i,j,k,l,m,n,o,p,q,r,s,t,u,v,w,x,y,z)
71	Graf, W.; Oerter, H. (2006): Density and d18O of snow pit FRI16S90_230. PANGAEA, https://doi.org/10.1594/PANGAEA.548660	Graf and Oerter (2006a,b,c,d,e,f,g,h,i,j,k,l,m,n,o,p,q,r,s,t,u,v,w,x,y,z)
72	Graf, W.; Oerter, H. (2006): Density, d18O and deuterium of snow pit FRI18S90_330. PANGAEA, https://doi.org/10.1594/PANGAEA.548662	Graf and Oerter (2006a,b,c,d,e,f,g,h,i,j,k,l,m,n,o,p,q,r,s,t,u,v,w,x,y,z)
73	Graf, W.; Oerter, H. (2006): Density, d18O, and deuterium of firn core FRI21C90_HWF. PANGAEA, https://doi.org/10.1594/PANGAEA.548636	Graf and Oerter (2006a,b,c,d,e,f,g,h,i,j,k,l,m,n,o,p,q,r,s,t,u,v,w,x,y,z)
74	Graf, W.; Oerter, H. (2006): Density and d18O of snow pit FRI13S90_335. PANGAEA, https://doi.org/10.1594/PANGAEA.548658	Graf and Oerter (2006a,b,c,d,e,f,g,h,i,j,k,l,m,n,o,p,q,r,s,t,u,v,w,x,y,z)
75	Graf, W.; Oerter, H. (2006): Density, d18O, deuterium, and tritium of firn core FRI19C90_05. PANGAEA, https://doi.org/10.1594/PANGAEA.548634	Graf and Oerter (2006a,b,c,d,e,f,g,h,i,j,k,l,m,n,o,p,q,r,s,t,u,v,w,x,y,z)
76	Schlosser, E.; Oerter, H. (2002): Density and d18O of firn core NM02C89_01. PANGAEA, https://doi.org/10.1594/PANGAEA.690382	Schlosser et al. (2002)
77	Graf, W.; Oerter, H. (2006): Density and d18O of snow pit FRI10S90_136. PANGAEA, https://doi.org/10.1594/PANGAEA.548655	Graf and Oerter (2006a,b,c,d,e,f,g,h,i,j,k,l,m,n,o,p,q,r,s,t,u,v,w,x,y,z)
78	Graf, W.; Oerter, H. (2006): Density and deuterium of firn core FRI09C90_90. PANGAEA, https://doi.org/10.1594/PANGAEA.548624	Graf and Oerter (2006a,b,c,d,e,f,g,h,i,j,k,l,m,n,o,p,q,r,s,t,u,v,w,x,y,z)
79	Graf, W.; Oerter, H. (2006): Density, d18O, deuterium, and tritium of firn core FRI18C90_330. PANGAEA, https://doi.org/10.1594/PANGAEA.548633	Graf and Oerter (2006a,b,c,d,e,f,g,h,i,j,k,l,m,n,o,p,q,r,s,t,u,v,w,x,y,z)
80	Graf, W.; Oerter, H. (2006): Density, d18O, deuterium, and tritium of firn core FRI10C90_136. PANGAEA, https://doi.org/10.1594/PANGAEA.548625	Graf and Oerter (2006a,b,c,d,e,f,g,h,i,j,k,l,m,n,o,p,q,r,s,t,u,v,w,x,y,z)
81	Graf, W.; Oerter, H. (2006): Density, d18O, deuterium, and tritium of firn core FRI16C90_230. PANGAEA, https://doi.org/10.1594/PANGAEA.548631	Graf and Oerter (2006a,b,c,d,e,f,g,h,i,j,k,l,m,n,o,p,q,r,s,t,u,v,w,x,y,z)
82	Graf, W.; Oerter, H. (2006): Density and deuterium of firn core FRI17C90_231. PANGAEA, https://doi.org/10.1594/PANGAEA.548632	Graf and Oerter (2006a,b,c,d,e,f,g,h,i,j,k,l,m,n,o,p,q,r,s,t,u,v,w,x,y,z)
83	Graf, W.; Oerter, H. (2006): Density and d18O of snow pit FRI15S90_131. PANGAEA, https://doi.org/10.1594/PANGAEA.548659	Graf and Oerter (2006a,b,c,d,e,f,g,h,i,j,k,l,m,n,o,p,q,r,s,t,u,v,w,x,y,z)
84	Graf, W.; Oerter, H. (2006): Density and d18O of snow pit FRI17S90_231. PANGAEA, https://doi.org/10.1594/PANGAEA.548661	Graf and Oerter (2006a,b,c,d,e,f,g,h,i,j,k,l,m,n,o,p,q,r,s,t,u,v,w,x,y,z)
85	Graf, W.; Oerter, H. (2006): Density and deuterium of firn core FRI11C90_235. PANGAEA, https://doi.org/10.1594/PANGAEA.548626	Graf and Oerter (2006a,b,c,d,e,f,g,h,i,j,k,l,m,n,o,p,q,r,s,t,u,v,w,x,y,z)
86	Graf, W.; Oerter, H. (2006): Density, d18O, deuterium, and tritium of firn core FRI14C90_336. PANGAEA, https://doi.org/10.1594/PANGAEA.548629	Graf and Oerter (2006a,b,c,d,e,f,g,h,i,j,k,l,m,n,o,p,q,r,s,t,u,v,w,x,y,z)
87	Graf, W.; Oerter, H. (2006): Density and deuterium of firn core FRI13C90_335. PANGAEA, https://doi.org/10.1594/PANGAEA.548628	Graf and Oerter (2006a,b,c,d,e,f,g,h,i,j,k,l,m,n,o,p,q,r,s,t,u,v,w,x,y,z)
88	Graf, W.; Oerter, H. (2006): Density, d18O, deuterium, and tritium of firn core FRI20C90_06. PANGAEA, https://doi.org/10.1594/PANGAEA.548635	Graf and Oerter (2006a,b,c,d,e,f,g,h,i,j,k,l,m,n,o,p,q,r,s,t,u,v,w,x,y,z)
89	Graf, W.; Moser, H.; Oerter, H.; Reinwarth, O.; Stichler, W. (1988): Density and d18O of snow pit FRI01S84_141. PANGAEA, https://doi.org/10.1594/PANGAEA.548909	Graf et al. (1988a,b,c,d,e,f,g,h,i,j,k,l,m,n,o,p,q)
90	Graf, W.; Moser, H.; Oerter, H.; Reinwarth, O.; Stichler, W. (1988): Density and d18O of snow pit FRI08S84_341. PANGAEA, https://doi.org/10.1594/PANGAEA.548918	Graf et al. (1988a,b,c,d,e,f,g,h,i,j,k,l,m,n,o,p,q)
91	Graf, W.; Moser, H.; Oerter, H.; Reinwarth, O.; Stichler, W. (1988): Density and d18O of snow pit FRI13S86_335. PANGAEA, https://doi.org/10.1594/PANGAEA.548920	Graf et al. (1988a,b,c,d,e,f,g,h,i,j,k,l,m,n,o,p,q)
92	Graf, W.; Moser, H.; Oerter, H.; Reinwarth, O.; Stichler, W. (1988): Density and d18O of snow pit FRI18S86_330. PANGAEA, https://doi.org/10.1594/PANGAEA.548924	Graf et al. (1988a,b,c,d,e,f,g,h,i,j,k,l,m,n,o,p,q)
93	Graf, W.; Moser, H.; Oerter, H.; Reinwarth, O.; Stichler, W. (1988): Density and d18O of snow pit FRI08S86_341. PANGAEA, https://doi.org/10.1594/PANGAEA.548919	Graf et al. (1988a,b,c,d,e,f,g,h,i,j,k,l,m,n,o,p,q)
94	Graf, W.; Moser, H.; Oerter, H.; Reinwarth, O.; Stichler, W. (1988): Density and d18O of snow pit FRI15S86_131. PANGAEA, https://doi.org/10.1594/PANGAEA.548921	Graf et al. (1988a,b,c,d,e,f,g,h,i,j,k,l,m,n,o,p,q)
95	Graf, W.; Oerter, H. (2006): Annual means of density, d18O, and accumulation rates of snow pit BER02S90_02. PANGAEA, https://doi.org/10.1594/PANGAEA.548701	Graf and Oerter (2006a,b,c,d,e,f,g,h,i,j,k,l,m,n,o,p,q,r,s,t,u,v,w,x,y,z)
96	Graf, W.; Oerter, H. (2006): Annual means of density, d18O, and accumulation rates of snow pit BER01S90_01. PANGAEA, https://doi.org/10.1594/PANGAEA.548700	Graf and Oerter (2006a,b,c,d,e,f,g,h,i,j,k,l,m,n,o,p,q,r,s,t,u,v,w,x,y,z)
97	Graf, W.; Oerter, H. (2006): Annual means of density, d18O, and accumulation rates of snow pit FRI12S90_236. PANGAEA, https://doi.org/10.1594/PANGAEA.548665	Graf and Oerter (2006a,b,c,d,e,f,g,h,i,j,k,l,m,n,o,p,q,r,s,t,u,v,w,x,y,z)
98	Graf, W.; Moser, H.; Oerter, H.; Reinwarth, O.; Stichler, W. (1988): Density and d18O of snow pit FRI03S86_345. PANGAEA, https://doi.org/10.1594/PANGAEA.548910	Graf et al. (1988a,b,c,d,e,f,g,h,i,j,k,l,m,n,o,p,q)
99	Graf, W.; Moser, H.; Oerter, H.; Reinwarth, O.; Stichler, W. (1988): Density and d18O of snow pit FRI07S84_340. PANGAEA, https://doi.org/10.1594/PANGAEA.548916	Graf et al. (1988a,b,c,d,e,f,g,h,i,j,k,l,m,n,o,p,q)
100	Graf, W.; Moser, H.; Oerter, H.; Reinwarth, O.; Stichler, W. (1988): Density and d18O of snow pit FRI16S86_230. PANGAEA, https://doi.org/10.1594/PANGAEA.548922	Graf et al. (1988a,b,c,d,e,f,g,h,i,j,k,l,m,n,o,p,q)
101	Graf, W.; Moser, H.; Oerter, H.; Reinwarth, O.; Stichler, W. (1988): Density and d18O of snow pit FRI07S86_340. PANGAEA, https://doi.org/10.1594/PANGAEA.548917	Graf et al. (1988a,b,c,d,e,f,g,h,i,j,k,l,m,n,o,p,q)
102	Graf, W.; Oerter, H. (2006): High resolution density, conductivity, deuterium, and d18O of ice core FRI12C92_15. PANGAEA, https://doi.org/10.1594/PANGAEA.548744	Graf and Oerter (2006a,b,c,d,e,f,g,h,i,j,k,l,m,n,o,p,q,r,s,t,u,v,w,x,y,z)
103	Graf, W.; Moser, H.; Oerter, H.; Reinwarth, O.; Stichler, W. (1988): Density and d18O of snow pit FRI04S84_140. PANGAEA, https://doi.org/10.1594/PANGAEA.548911	Graf et al. (1988a,b,c,d,e,f,g,h,i,j,k,l,m,n,o,p,q)
104	Graf, W.; Moser, H.; Oerter, H.; Reinwarth, O.; Stichler, W. (1988): Density and d18O of snow pit FRI05S84_240. PANGAEA, https://doi.org/10.1594/PANGAEA.548912	Graf et al. (1988a,b,c,d,e,f,g,h,i,j,k,l,m,n,o,p,q)
105	Graf, W.; Moser, H.; Oerter, H.; Reinwarth, O.; Stichler, W. (1988): Density and d18O of snow pit FRI0686S_241. PANGAEA, https://doi.org/10.1594/PANGAEA.548914	Graf et al. (1988a,b,c,d,e,f,g,h,i,j,k,l,m,n,o,p,q)
106	Graf, W.; Moser, H.; Oerter, H.; Reinwarth, O.; Stichler, W. (1988): Density and d18O of snow pit FRI06S84_241. PANGAEA, https://doi.org/10.1594/PANGAEA.548915	Graf et al. (1988a,b,c,d,e,f,g,h,i,j,k,l,m,n,o,p,q)
107	Graf, W.; Moser, H.; Oerter, H.; Reinwarth, O.; Stichler, W. (1988): Density and d18O of snow pit FRI17S86_231. PANGAEA, https://doi.org/10.1594/PANGAEA.548925	Graf et al. (1988a,b,c,d,e,f,g,h,i,j,k,l,m,n,o,p,q)
108	Graf, W.; Moser, H.; Oerter, H.; Reinwarth, O.; Stichler, W. (1988): Annual means of density, d18O, and accumulation rates of snow pit FRI05S86_240. PANGAEA, https://doi.org/10.1594/PANGAEA.548930	Graf et al. (1988a,b,c,d,e,f,g,h,i,j,k,l,m,n,o,p,q)
109	Graf, W.; Reinwarth, O.; Oerter, H.; Mayer, C.; Lambrecht, A. (1999): Annual means of density, d18O, deuterium, and accumulation rates of firn core FRI34C95_03. PANGAEA, https://doi.org/10.1594/PANGAEA.548513	Graf et al. (1999a,b,c,d,e,f,g,h,i,j,k,l,m,n,o,p)
110	Graf, W.; Reinwarth, O.; Oerter, H.; Mayer, C.; Lambrecht, A. (1999): Density and d18O of firn core FRI24C95_15. PANGAEA, https://doi.org/10.1594/PANGAEA.548448	Graf et al. (1999a,b,c,d,e,f,g,h,i,j,k,l,m,n,o,p)
111	Graf, W.; Reinwarth, O.; Oerter, H.; Mayer, C.; Lambrecht, A. (1999): Density and d18O of firn core FRI30C95_09. PANGAEA, https://doi.org/10.1594/PANGAEA.548454	Graf et al. (1999a,b,c,d,e,f,g,h,i,j,k,l,m,n,o,p)
112	Graf, W.; Reinwarth, O.; Oerter, H.; Mayer, C.; Lambrecht, A. (1999): Annual means of density, d18O, and accumulation rates of firn core FRI29C95_10. PANGAEA, https://doi.org/10.1594/PANGAEA.548510	Graf et al. (1999a,b,c,d,e,f,g,h,i,j,k,l,m,n,o,p)
113	Graf, W.; Reinwarth, O.; Oerter, H.; Mayer, C.; Lambrecht, A. (1999): Density, d18O, deuterium, and tritium of firn core FRI32C95_07. PANGAEA, https://doi.org/10.1594/PANGAEA.548456	Graf et al. (1999a,b,c,d,e,f,g,h,i,j,k,l,m,n,o,p)
114	Graf, W.; Reinwarth, O.; Oerter, H.; Mayer, C.; Lambrecht, A. (1999): Density, d18O, deuterium, and tritium of firn core FRI38C95_04. PANGAEA, https://doi.org/10.1594/PANGAEA.548462	Graf et al. (1999a,b,c,d,e,f,g,h,i,j,k,l,m,n,o,p)
115	Oerter, H.; Graf, W.; Wilhelms, F.; Minikin, A.; Miller, H. (1999): Physical properties of firn core DML01C97_00. PANGAEA, https://doi.org/10.1594/PANGAEA.58434	Oerter et al. (1999a,b,c,d,e,f,g,h)
116	Graf, W.; Reinwarth, O.; Oerter, H.; Mayer, C.; Lambrecht, A. (1999): Annual means of density, d18O, and accumulation rates of firn core FRI26C95_13. PANGAEA, https://doi.org/10.1594/PANGAEA.548507	Graf et al. (1999a,b,c,d,e,f,g,h,i,j,k,l,m,n,o,p)
117	Oerter, H.; Graf, W.; Wilhelms, F.; Minikin, A.; Miller, H. (1999): Physical properties of firn core DML08C97_00. PANGAEA, https://doi.org/10.1594/PANGAEA.58440	Oerter et al. (1999a,b,c,d,e,f,g,h)
118	Oerter, H.; Graf, W.; Wilhelms, F.; Minikin, A.; Miller, H. (1999): Physical properties of firn core DML04C97_00. PANGAEA, https://doi.org/10.1594/PANGAEA.58436	Oerter et al. (1999a,b,c,d,e,f,g,h)
119	Oerter, H.; Graf, W.; Wilhelms, F.; Minikin, A.; Miller, H. (1999): Physical properties of firn core DML09C97_00. PANGAEA, https://doi.org/10.1594/PANGAEA.58793	Oerter et al. (1999a,b,c,d,e,f,g,h)
120	Oerter, H.; Graf, W.; Meyer, Hanno; Wilhelms, F. (2004): Density and stable oxygen isotopes of firn core DML07C98_31 (B31), Fig 5. PANGAEA, https://doi.org/10.1594/PANGAEA.264594	Oerter et al. (2004)
121	Graf, W.; Reinwarth, O.; Oerter, H.; Mayer, C.; Lambrecht, A. (1999): Density and d18O of firn core FRI25C95_14. PANGAEA, https://doi.org/10.1594/PANGAEA.548449	Graf et al. (1999a,b,c,d,e,f,g,h,i,j,k,l,m,n,o,p)
122	Graf, W.; Reinwarth, O.; Oerter, H.; Mayer, C.; Lambrecht, A. (1999): Density and d18O of firn core FRI28C95_11. PANGAEA, https://doi.org/10.1594/PANGAEA.548452	Graf et al. (1999a,b,c,d,e,f,g,h,i,j,k,l,m,n,o,p)
123	Graf, W.; Reinwarth, O.; Oerter, H.; Mayer, C.; Lambrecht, A. (1999): Density and d18O of firn core FRI33C95_06. PANGAEA, https://doi.org/10.1594/PANGAEA.548457	Graf et al. (1999a,b,c,d,e,f,g,h,i,j,k,l,m,n,o,p)
124	Graf, W.; Reinwarth, O.; Oerter, H.; Mayer, C.; Lambrecht, A. (1999): Density, d18O, and deuterium of firn core FRI37C95_05. PANGAEA, https://doi.org/10.1594/PANGAEA.548461	Graf et al. (1999a,b,c,d,e,f,g,h,i,j,k,l,m,n,o,p)
125	Graf, W.; Reinwarth, O.; Oerter, H.; Mayer, C.; Lambrecht, A. (1999): Annual means of density, d18O, and accumulation rates of firn core FRI23C95_16. PANGAEA, https://doi.org/10.1594/PANGAEA.548504	Graf et al. (1999a,b,c,d,e,f,g,h,i,j,k,l,m,n,o,p)
126	Graf, W.; Moser, H.; Oerter, H.; Reinwarth, O.; Stichler, W. (1988): Annual means of density, d18O, and accumulation rates of ice core FRI07C84_340. PANGAEA, https://doi.org/10.1594/PANGAEA.549170	Graf et al. (1988a,b,c,d,e,f,g,h,i,j,k,l,m,n,o,p,q)
127	Graf, W.; Reinwarth, O.; Oerter, H.; Mayer, C.; Lambrecht, A. (1999): Density and d18O of firn core FRI27C95_12. PANGAEA, https://doi.org/10.1594/PANGAEA.548451	Graf et al. (1999a,b,c,d,e,f,g,h,i,j,k,l,m,n,o,p)
128	Graf, W.; Reinwarth, O.; Oerter, H.; Mayer, C.; Lambrecht, A. (1999): Density, d18O, and deuterium of firn core FRI36C95_02. PANGAEA, https://doi.org/10.1594/PANGAEA.548460	Graf et al. (1999a,b,c,d,e,f,g,h,i,j,k,l,m,n,o,p)
129	Oerter, H.; Graf, W.; Wilhelms, F.; Minikin, A.; Miller, H. (1999): Physical properties of firn core DML03C97_00. PANGAEA, https://doi.org/10.1594/PANGAEA.58794	Oerter et al. (1999a,b,c,d,e,f,g,h)
130	Oerter, H.; Graf, W.; Wilhelms, F.; Minikin, A.; Miller, H. (1999): Physical properties of firn core DML06C97_00. PANGAEA, https://doi.org/10.1594/PANGAEA.58796	Oerter et al. (1999a,b,c,d,e,f,g,h)
131	Graf, W.; Oerter, H.; Reinwarth, O.; Stichler, W.; Wilhelms, F.; Miller, H.; Mulvaney, Robert (2002): Physical properties of firn core DML25C00_01. PANGAEA, https://doi.org/10.1594/PANGAEA.58443	Graf et al. (2002a,b,c,d,e,f,g,h,i,j,k,l,m,n,o)
132	Graf, W.; Oerter, H.; Reinwarth, O.; Stichler, W.; Wilhelms, F.; Miller, H.; Mulvaney, Robert (2002): Physical properties of firn core DML27C00_04. PANGAEA, https://doi.org/10.1594/PANGAEA.58445	Graf et al. (2002a,b,c,d,e,f,g,h,i,j,k,l,m,n,o)
133	Graf, W.; Oerter, H.; Reinwarth, O.; Stichler, W.; Wilhelms, F.; Miller, H.; Mulvaney, Robert (2002): Physical properties of firn core NM03C95_06. PANGAEA, https://doi.org/10.1594/PANGAEA.58791	Graf et al. (2002a,b,c,d,e,f,g,h,i,j,k,l,m,n,o)
134	Oerter, H.; Graf, W.; Wilhelms, F.; Minikin, A.; Miller, H. (1999): Physical properties of firn core DML07C97_00. PANGAEA, https://doi.org/10.1594/PANGAEA.58792	Oerter et al. (1999a,b,c,d,e,f,g,h)
135	Oerter, H.; Graf, W.; Wilhelms, F.; Minikin, A.; Miller, H. (1999): Physical properties of firn core DML05C97_00. PANGAEA, https://doi.org/10.1594/PANGAEA.58795	Oerter et al. (1999a,b,c,d,e,f,g,h)
136	Graf, W.; Reinwarth, O.; Oerter, H.; Mayer, C.; Lambrecht, A. (1999): Density and d18O of firn core FRI31C95_08. PANGAEA, https://doi.org/10.1594/PANGAEA.548455	Graf et al. (1999a,b,c,d,e,f,g,h,i,j,k,l,m,n,o,p)
137	Graf, W.; Reinwarth, O.; Oerter, H.; Mayer, C.; Lambrecht, A. (1999): Density, d18O, deuterium, and tritium of firn core FRI35C95_01. PANGAEA, https://doi.org/10.1594/PANGAEA.548459	Graf et al. (1999a,b,c,d,e,f,g,h,i,j,k,l,m,n,o,p)
138	Graf, W.; Oerter, H.; Reinwarth, O.; Stichler, W.; Wilhelms, F.; Miller, H.; Mulvaney, Robert (2002): Density and stable oxygen isotopes of firn core DML05C98_32 (B32). PANGAEA, https://doi.org/10.1594/PANGAEA.104862	Graf et al. (2002a,b,c,d,e,f,g,h,i,j,k,l,m,n,o)
139	Graf, W.; Oerter, H.; Reinwarth, O.; Stichler, W.; Wilhelms, F.; Miller, H.; Mulvaney, Robert (2002): Density and stable oxygen isotopes of firn core DML12C98_17. PANGAEA, https://doi.org/10.1594/PANGAEA.104865	Graf et al. (2002a,b,c,d,e,f,g,h,i,j,k,l,m,n,o)
140	Graf, W.; Oerter, H.; Reinwarth, O.; Stichler, W.; Wilhelms, F.; Miller, H.; Mulvaney, Robert (2002): Density and stable oxygen isotopes of firn core DML20C98_08. PANGAEA, https://doi.org/10.1594/PANGAEA.104872	Graf et al. (2002a,b,c,d,e,f,g,h,i,j,k,l,m,n,o)
141	Graf, W.; Oerter, H.; Reinwarth, O.; Stichler, W.; Wilhelms, F.; Miller, H.; Mulvaney, Robert (2002): Density and stable oxygen isotopes of firn core DML22C98_11. PANGAEA, https://doi.org/10.1594/PANGAEA.104874	Graf et al. (2002a,b,c,d,e,f,g,h,i,j,k,l,m,n,o)
142	Oerter, H.; Wilhelms, F.; Jung-Rothenhäusler, F.; Göktas, F.; Miller, H.; Graf, W.; Sommer, S. (2000): Physical properties of firn core DML05C98_07. PANGAEA, https://doi.org/10.1594/PANGAEA.58806	Oerter et al. (2000a,b,c,d,e,f,g,h,i)
143	Oerter, H.; Wilhelms, F.; Jung-Rothenhäusler, F.; Göktas, F.; Miller, H.; Graf, W.; Sommer, S. (2000): Physical properties of firn core DML19C98_05. PANGAEA, https://doi.org/10.1594/PANGAEA.58406	Oerter et al. (2000a,b,c,d,e,f,g,h,i)
144	Oerter, H.; Wilhelms, F.; Jung-Rothenhäusler, F.; Göktas, F.; Miller, H.; Graf, W.; Sommer, S. (2000): Physical properties of firn core DML05C98_06. PANGAEA, https://doi.org/10.1594/PANGAEA.58407	Oerter et al. (2000a,b,c,d,e,f,g,h,i)
145	Fernandoy, Francisco; Meyer, Hanno; Oerter, H.; Wilhelms, F.; Graf, W.; Schwander, Jakob (2010): Annual means of d18O, density, and accumulation rates of firn core DML641C02_01. PANGAEA, https://doi.org/10.1594/PANGAEA.753157	Fernandoy (2010a,b,c)
146	Graf, W.; Oerter, H.; Reinwarth, O.; Stichler, W.; Wilhelms, F.; Miller, H.; Mulvaney, Robert (2002): Density and stable oxygen isotopes of firn core DML02S98_13. PANGAEA, https://doi.org/10.1594/PANGAEA.104876	Graf et al. (2002a,b,c,d,e,f,g,h,i,j,k,l,m,n,o)
147	Graf, W.; Oerter, H.; Reinwarth, O.; Stichler, W.; Wilhelms, F.; Miller, H.; Mulvaney, Robert (2002): Density and stable oxygen isotopes of firn core DML13C98_16. PANGAEA, https://doi.org/10.1594/PANGAEA.104866,	Graf et al. (2002a,b,c,d,e,f,g,h,i,j,k,l,m,n,o)
148	Graf, W.; Oerter, H.; Reinwarth, O.; Stichler, W.; Wilhelms, F.; Miller, H.; Mulvaney, Robert (2002): Density and stable oxygen isotopes of firn core DML15C98_14. PANGAEA, https://doi.org/10.1594/PANGAEA.104868	Graf et al. (2002a,b,c,d,e,f,g,h,i,j,k,l,m,n,o)
149	Graf, W.; Oerter, H.; Reinwarth, O.; Stichler, W.; Wilhelms, F.; Miller, H.; Mulvaney, Robert (2002): Density and stable oxygen isotopes of firn core DML18C98_04. PANGAEA, https://doi.org/10.1594/PANGAEA.104870	Graf et al. (2002a,b,c,d,e,f,g,h,i,j,k,l,m,n,o)
150	Graf, W.; Oerter, H.; Reinwarth, O.; Stichler, W.; Wilhelms, F.; Miller, H.; Mulvaney, Robert (2002): Density and stable oxygen isotopes of firn core DML23C98_12. PANGAEA, https://doi.org/10.1594/PANGAEA.104875	Graf et al. (2002a,b,c,d,e,f,g,h,i,j,k,l,m,n,o)
151	Graf, W.; Oerter, H.; Reinwarth, O.; Stichler, W.; Wilhelms, F.; Miller, H.; Mulvaney, Robert (2002): Density and stable oxygen isotopes of firn core DML14C98_15. PANGAEA, https://doi.org/10.1594/PANGAEA.104867	Graf et al. (2002a,b,c,d,e,f,g,h,i,j,k,l,m,n,o)
152	Graf, W.; Oerter, H.; Reinwarth, O.; Stichler, W.; Wilhelms, F.; Miller, H.; Mulvaney, Robert (2002): Density and stable oxygen isotopes of firn core DML11C98_03. PANGAEA, https://doi.org/10.1594/PANGAEA.104864	Graf et al. (2002a,b,c,d,e,f,g,h,i,j,k,l,m,n,o)
153	Graf, W.; Oerter, H.; Reinwarth, O.; Stichler, W.; Wilhelms, F.; Miller, H.; Mulvaney, Robert (2002): Density and stable oxygen isotopes of firn core DML17C98_33 (B33). PANGAEA, https://doi.org/10.1594/PANGAEA.104869	Graf et al. (2002a,b,c,d,e,f,g,h,i,j,k,l,m,n,o)
154	Oerter, H.; Wilhelms, F.; Jung-Rothenhäusler, F.; Göktas¶ktas, F.; Miller, H.; Graf, W.; Sommer, S. (2000): Physical properties of firn core NM03C98_01. PANGAEA, https://doi.org/10.1594/PANGAEA.58799	Oerter et al. (2000a,b,c,d,e,f,g,h,i)
155	Oerter, H.; Wilhelms, F.; Jung-Rothenhäusler, F.; Göktas, F.; Miller, H.; Graf, W.; Sommer, S. (2000): Physical properties of firn core DML60C98_02. PANGAEA, https://doi.org/10.1594/PANGAEA.58797	Oerter et al. (2000a,b,c,d,e,f,g,h,i)
156	Oerter, H.; Wilhelms, F.; Jung-Rothenhäusler, F.; Göktas, F.; Miller, H.; Graf, W.; Sommer, S. (2000): Physical properties of firn core DML16C98_13. PANGAEA, https://doi.org/10.1594/PANGAEA.58414	Oerter et al. (2000a,b,c,d,e,f,g,h,i)
157	Oerter, H.; Wilhelms, F.; Jung-Rothenhäusler, F.; Göktas, F.; Miller, H.; Graf, W.; Sommer, S. (2000): Physical properties of firn core DML21C98_10. PANGAEA, https://doi.org/10.1594/PANGAEA.58807	Oerter et al. (2000a,b,c,d,e,f,g,h,i)
158	Fernandoy, Francisco; Meyer, Hanno; Oerter, H.; Wilhelms, F.; Graf, W.; Schwander, Jakob (2010): Annual means of d18O, density, and accumulation rates of firn core DML651C02_03. PANGAEA, https://doi.org/10.1594/PANGAEA.753158	Fernandoy (2010a,b,c)
159	Fernandoy, Francisco; Meyer, Hanno; Oerter, H.; Wilhelms, F.; Graf, W.; Schwander, Jakob (2010): Annual means of d18O, deuterium, density, and accumulation rates of firn core NM02C02_02. PANGAEA, https://doi.org/10.1594/PANGAEA.753159	Fernandoy (2010a,b,c)
160	Oerter, H.; Wilhelms, F.; Jung-Rothenhäusler, F.; Göktas, F.; Miller, H.; Graf, W.; Sommer, S. (2000): Physical properties of firn core DML03C98_09. PANGAEA, https://doi.org/10.1594/PANGAEA.58410	Oerter et al. (2000a,b,c,d,e,f,g,h,i)
161	Oerter, H.; Wilhelms, F.; Jung-Rothenhäusler, F.; Göktas, F.; Miller, H.; Graf, W.; Sommer, S. (2000): Physical properties of firn core DML24C98_18. PANGAEA, https://doi.org/10.1594/PANGAEA.58419	Oerter et al. (2000a,b,c,d,e,f,g,h,i)
162	Wagenbach, Dietmar; Graf, W.; Minikin, A.; Trefzer, U.; Kipfstuhl, S.; Oerter, H.; Blindow, Norbert (1994): Annual means of density, d18O, deuterium, tritium, and accumulation rates of firn core BER01C90_01. PANGAEA, https://doi.org/10.1594/PANGAEA.548637	Wagenbach (1994a,b,c,d)
163	Wagenbach, Dietmar; Graf, W.; Minikin, A.; Trefzer, U.; Kipfstuhl, S.; Oerter, H.; Blindow, Norbert (1994): Density, d18O, deuterium, and tritium of firn core BER02C90_02. PANGAEA, https://doi.org/10.1594/PANGAEA.548622	Wagenbach (1994a,b,c,d)
164	Cooper, Matthew; Smith, Laurence C; Rennermalm, Asa K; Pitcher, Lincoln; Ryan, Jonathan C; Yang, Kang; Cooley, Sarah (2018): Direct measurements of ice density down to 1m depth in the Greenland Ice Sheet ablation zone during July 2016 from shallow ice cores. PANGAEA, https://doi.org/10.1594/PANGAEA.886747	Cooper et al. (2018)
165	Schaller, C. Florian; Kipfstuhl, S.; Steen-Larsen, H.-Christian; Freitag, J.; Eisen, Olaf (2017): Spatial variability of density stratigraphy and melt features for two polar snowpacks in Greenland and East Antarctica. PANGAEA, https://doi.org/10.1594/PANGAEA.884003	Schaller et al. (2017)
166	Wagenbach, Dietmar; Graf, W.; Minikin, A.; Trefzer, U.; Kipfstuhl, S.; Oerter, H.; Blindow, Norbert (1994): Density and d18O of snow pit BER01S90_01. PANGAEA, https://doi.org/10.1594/PANGAEA.548653	Wagenbach (1994a,b,c,d)
167	Wagenbach, Dietmar; Graf, W.; Minikin, A.; Trefzer, U.; Kipfstuhl, S.; Oerter, H.; Blindow, Norbert (1994): Density and d18O of snow pit BER02S90_02. PANGAEA, https://doi.org/10.1594/PANGAEA.548654	Wagenbach (1994a,b,c,d)
168	Renaud, A., 1959. Etude physiques et chimiques sur la glace de l'indlandsis du Groenland. Medd. Groenland, 2(177), pp. 100-107.	Renaud et al. (1959)
169	Morris, E.M., Mulvaney, R., Arthern, R.J., Davies, D., Gurney, R.J., Lambert, P., De Rydt, J., Smith, A.M., Tuckwell, R.J., Winstrup, M., 2017. Snow Densification and Recent Accumulation Along the iSTAR Traverse, Pine Island Glacier, Antarctica. Journal of Geophysical Research: Earth Surface 122, 2284–2301. https://doi.org/10.1002/2017JF004357	Morris et al. (2017)
170	Tedesco, M. and Marshall, H.P. 2019. Greenland Ice Sheet Summit Camp Snow Density, Grain Size, and Hardness Profiles, June 26-27, 2010. Arctic Data Center. doi:10.18739/A2M03XX3M.	Tedesco et al. (2019)
171	Anschütz, Helgard; Oerter, H. (2007): Physical properties of firn core DML66C03_01 (FB0401). PANGAEA, https://doi.org/10.1594/PANGAEA.609903	Anschütz et al. (2007)
172	Miller, O., Solomon, D.K., Miège, C., Koenig, L., Forster, R., Schmerr, N., Ligtenberg, S.R.M., Montgomery, L., 2018. Direct Evidence of Meltwater Flow Within a Firn Aquifer in Southeast Greenland. Geophysical Research Letters 45, 207–215. https://doi.org/10.1002/2017GL075707	Miller et al. (2018)
173	Minghu, D., Cunde, X., Yuansheng, L., Jiawen, R., Shugui, H., Bo, J., Bo, S., 2011. Spatial variability of surface mass balance along a traverse route from Zhongshan station to Dome A, Antarctica. Journal of Glaciology 57, 658–666. https://doi.org/10.3189/002214311797409820	Minghu et al. (2011)
174	Fujiwara, K. and Endo, Y.: Report of the Japanese Traverse Syowa-South Pole 1968- 1969, JARE Scientific Reports, pp. 68–109, 1971.	Fujiwara et al. (1968)
175	Sugiyama, S., Enomoto, H., Fujita, S., Fukui, K., Nakazawa, F., Holmlund, P., Surdyk, S., 2012. Snow density along the route traversed by the Japanese-Swedish Antarctic Expedition 2007/08. Journal of Glaciology 58, 529–539. https://doi.org/10.3189/2012JoG11J201	Sugiyama et al. (2012)
176	Watanabe, O.: Density and hardness of snow in Mizuho Plateau-West Enderby Land in 1970– 1971, JARE Data Reports, 27, 187–235, 1975.	Watanabe et al. (1970)
177	Gallet, J.-C., Domine, F., Arnaud, L., Picard, G., Savarino, J., 2011. Vertical profile of the specific surface area and density of the snow at Dome C and on a transect to Dumont D’Urville, Antarctica – albedo calculations and comparison to remote sensing products. The Cryosphere 5, 631–649. https://doi.org/10.5194/tc-5-631-2011	Gallet et al. (2011)
178	Wilhelms, F. (2007): Density of firn core DML96C07_39. Alfred Wegener Institute, Helmholtz Centre for Polar and Marine Research, Bremerhaven, PANGAEA, https://doi.org/10.1594/PANGAEA.615238	Wilhelms et al. (2007)
179	Courville, Z. R., Albert, M. R., Fahnestock, M. A., Cathles, L. M., & Shuman, C. A. (2007). Impacts of an accumulation hiatus on the physical properties of firn at a low- accumulation polar site. Journal of Geophysical Research: Earth Surface, 112(F2). https://doi.org/10.1029/2005JF000429	Courville et al. (2007)
180	Severinghaus, J. P., Albert, M. R., Courville, Z. R., Fahnestock, M. A., Kawamura, K., Montzka, S. A., et al. (2010). Deep air convection in the firn at a zero-accumulation site, central Antarctica. Earth and Planetary Science Letters, 293(3–4), 359–367. https://doi.org/10.1016/j.epsl.2010.03.003	Severinghaus et al. (2010)
181	Dibb, J. E., Albert, M., Anastasio, C., Atlas, E., Beyersdorf, A. J., Blake, N. J., et al. (2007). An overview of air-snow exchange at Summit, Greenland: Recent experiments and findings. Atmospheric Environment, 41(24), 4995–5006. https://doi.org/10.1016/j.atmosenv.2006.12.006	Dibb et al. (2007b)
182	Fain, X., Ferrari, C. P., Dommergue, A., Albert, M. R., Battle, M., Severinghaus, J., et al. (2009). Polar firn air reveals large-scale impact of anthropogenic mercury emissions during the 1970s. Proceedings of the National Academy of Sciences, 106(38), 16114– 16119. https://doi.org/10.1073/pnas.0905117106	Fain et al. (2009)
183	Adolph, A. C., & Albert, M. R. (2014). Gas diffusivity and permeability through the firn column at Summit, Greenland: measurements and comparison to microstructural properties. The Cryosphere, 8(1), 319–328. https://doi.org/10.5194/tc-8-319-2014	Adolph et al. (2014)
184	Polashenski, C. M., Dibb, J. E., Flanner, M. G., Chen, J. Y., Courville, Z. R., Lai, A. M., et al. (2015). Neither dust nor black carbon causing apparent albedo decline in Greenland’s dry snow zone: Implications for MODIS C5 surface reflectance: GREENLAND ALBEDO DECLINE NOT DUST OR BC. Geophysical Research Letters, 42(21), 9319–9327. https://doi.org/10.1002/2015GL065912	Polashenski et al. (2015)
185	Otosaka, I. N. (2020): Firn density profiles in West Central Greenland (ESA CryoVEx 2016). PANGAEA, https://doi.pangaea.de/10.1594/PANGAEA.921670, In: Otosaka, IN (2020): Airborne Radar and Firn Density Profiles in West Central Greenland from 2006 to 2017. PANGAEA, https://doi.org/10.1594/PANGAEA.921673	Otosaka et al. (2020)
186	Otosaka, I. N. (2020): Firn density profiles in West Central Greenland (ESA CryoVEx 2017). PANGAEA, https://doi.pangaea.de/10.1594/PANGAEA.921672, In: Otosaka, IN (2020): Airborne Radar and Firn Density Profiles in West Central Greenland from 2006 to 2017. PANGAEA, https://doi.org/10.1594/PANGAEA.921673	Otosaka et al. (2020b)
187	Graeter, K., Osterberg, E. C., Ferris, D., Hawley, R. L., Marshall, H. P. and Lewis, G.,2018, Ice Core Records of West Greenland Surface Melt and Climate Forcing, Geophys. Res. Lett., doi:10.1002/2017GL076641	Graeter et al. (2018)
188	Lewis, G., Osterberg, E., Hawley, R., Marshall, H. P., Meehan, T., Graeter, K., McCarthy, F., Overly, T., Thundercloud, Z. and Ferris, D., 2019, Recent precipitation decrease across the western Greenland ice sheet percolation zone, Cryosph., 13(11), 2797–2815, doi:10.5194/tc-13-27972019	Lewis et al. (2019)
189	Sarah Das, Luke Trusel, and Matthew Osman. 2018. Ice sheet and ice cap firn core physical and chemical stratigraphy, Disko Bay region, Greenland, 2014-2015. Arctic Data Center. doi:10.18739/A2TB0XV7T.	Sarah et al. (2018)
190	"Cole - Dai, J. (2004) ""Sulfate-Based Volcanic Record from South Pole Ice Core"" U.S. Antarctic Program (USAP) Data Center. doi: https://doi.org/10.7265/N5CR5R88."	Cole et al. (2004)
191	Mayewski, P., 1998, Newall Glacier Ice Core Data. International Ice Core Data Cooperative. IGBP Pages/World Data Center-A for Paleoclimatology, NOAA/NGDC Paleoclimatology Program, Boulder CO, USA.	Mayewski et al. (1998)
192	Trusel, L. D., Das, S. B., Osman, M. B., Evans, M. J., Smith, B. E., Fettweis, X., et al. (2018). Nonlinear rise in Greenland runoff in response to post-industrial Arctic warming. Nature, 564(7734), 104–108. https://doi.org/10.1038/s41586-018-0752-4	Trusel et al. (2018)
193	Montgomery, L., Miège, C., Miller, J., Scambos, T. A., Wallin, B., Miller, O., et al. (2020). Hydrologic properties of a highly permeable firn aquifer in the Wilkins Ice Shelf, Antarctica. Geophysical Research Letters. https://doi.org/10.1029/2020GL089552	Montgomery et al. (2020)
194	Rennermalm, Asa, Regine Hock, Federico Covi, Jing Xiao, Giovanni Corti, et al. 2021. Density and ice layer stratigraphy in 24 shallow firn cores from Southwest Greenland, 2017 - 2019. Arctic Data Center. doi:10.18739/A2Q52FD98	Rennermalm et al. (2021)
195	Niwano, M., S. Yamaguchi, T. Yamasaki, T. Aoki, 2020, Near-surface snow physics data from SIGMA-Traverse 2018, 1.10, Arctic Data archive System (ADS), Japan, http://doi.org/10.17592/001.2020091101	Niwano et al. (2020)
196	Weinhart, Alexander Helmut; Freitag, J.; Hörhold, Maria; Kipfstuhl, S.; Eisen, Olaf (2021): Surface snow density along an overland traverse between Kohnen Station and former Plateau Station (East Antarctica). PANGAEA, https://doi.org/10.1594/PANGAEA.928079	Weinhart et al. (2021)
197	Wever, N., Keenan, E., Kausch, T., Lehning, M. (2022). SnowMicroPen measurements and manual snowpits from Dronning Maud Land, East Antarctica. EnviDat. doi:10.16904/envidat.331	Wever et al. (2022)
198	Jezek, K.C. 2012. Surface Elevation and Velocity Changes on the South Central Greenland Ice Sheet: 1980-2011 - Data Summary. BPRC Technical Report No. 2012-01, Byrd Polar Research Center, The Ohio State University, Columbus, Ohio, 28 pages plus the data summary document.	BPRC 1993 in Jezek (2012)
199	Ambach 1970	Ambach 1970
200	Wilhelms, F.: Measuring the Conductivity and Density of Ice Cores, Ber. Polarforsch., 191 pp., 1996.	NGT: Wilhelms (1996)
201	van der Veen, C.J.,E. Mosley‐Thompson, K. C. Jezek , I. M. Whillans & J. F.Bolzan (2001) Accumulation rates in South and Central Greenland, Polar Geography, 25:2, 79-162,DOI: 10.1080/10889370109377709	van der Veen et al. (2001)
202	Vandecrux, B.; Box, J.; Ahlstrøm, A.; Fausto, R.; Karlsson, N.; Rutishauser, A.; Citterio, M.; Larsen, S.; Heuer, J.; Solgaard, A.; Colgan, W.: GEUS snow and firn data in Greenland, https://doi.org/10.22008/FK2/9QEOWZ , GEUS Dataverse, 2023	GEUS snow and firn data (2023)
203	Porter, S. & Mosley-Thompson, E., 2014. Exploring seasonal accumulation bias in a west central Greenland ice core with observed and reanalyzed data. Journal of Glaciology, 60(224), pp. 1065-1074.	Porter and Mosley-Thompson (2014)
204	Morris, E.M. and D J Wingham. (2014) Densification of polar snow: measurements, modelling and implications for altimetry. JGR Earth Surfaces, doi: 10.1002/2013JF002898	Morris and Wingham (2014)
205	Fischer, H., Wagenbach, D., Laternser, M. & Haeberli, W., 1995. Glacio-meteorological and isotopic studies along the EGIG line, central Greenland. Journal of Glaciology, 41(139), pp. 515-527.	Fischer et al. (1995)
206	Kameda, T. et al. Melt features in ice cores from Site J, southern Greenland: some implications for summer climate since AD 1550. Ann. Glaciol. 21, 5158 (1995).	Kameda et al. (1995)
207	Sorge, E. Glaziologische Untersuchungen in Eismitte, 5. Beitrag. p62-263 in K. Wegener: Wissenschaftliche Ergebnisse der deutschen Grönland-Expedition Alfred Wegener 1929 und 1930/1931 Bd. III Glaziologie.  as in  Abermann, J., Vandecrux, B., Scher, S. et al. Learning from Alfred Wegener’s pioneering field observations in West Greenland after a century of climate change. Sci Rep 13, 7583 (2023). https://doi.org/10.1038/s41598-023-33225-9	Sorge et al. (1935) as in Abermann et al. (2023)
208	Jülg, H. Dichtebestimmungen und Schneesondierung auf der Route 1–400 km. Deutsche Grönland-Expedition Alfred Wegener 1929 und 1930/31. Wissenschaftliche Ergebnisse vol. 4.2, 329–345 (1939) as in Abermann, J., Vandecrux, B., Scher, S. et al. Learning from Alfred Wegener’s pioneering field observations in West Greenland after a century of climate change. Sci Rep 13, 7583 (2023). https://doi.org/10.1038/s41598-023-33225-9	Jülg (1939) as in Abermann et al. (2023)
209	Steen-Larsen, H. C., et al. (2011), Understanding the climatic signal in the water stable isotope records from the NEEM shallow firn/ice cores in northwest Greenland, J. Geophys. Res., 116, D06108, doi:10.1029/2010JD014311.	Steen-Larsen et al. (2011)
210	Sigl, M., J.R. McConnell, L. Layman, O.J. Maselli, K.C. McGwire, D.R. Pasteris, D. Dahl-Jensen, J.P. Steffensen, B. Vinther, R. Edwards, R. Mulvaney (2013), A new bipolar ice core record of volcanism from WAIS Divide and NEEM and implications for climate forcing of the last 2000 years, J. Geophys. Res. Atmos., 118, 1151–1169, doi:10.1029/2012JD018603.	Sigl et al. (2013)
211	Keegan, K. (2018). North Greenland Eemian Ice Drilling (NEEM) 2009 S2 Firn Core Density and Permeability. Arctic Data Center. doi:10.18739/A2SX64931.	Baker et al. (2009)
212	Freitag, J.; Kipfstuhl, Sepp; Weißbach, Stefanie; Karlsson, Nanna Bjørnholt; Münch, Thomas; Hörhold, Maria (2021): Density profile of the NG2012 firn core. PANGAEA, https://doi.org/10.1594/PANGAEA.931739,	Freitag et al. (2021)               
213	Gow, A. J. 1968. Deep ice core studies of the accumulation and densification of snow at Byrd Station and Little America V, Antarctica. CRREL Res. Rpt. 197. http://hdl.handle.net/11681/5803 as in Spencer, M. K., Alley, R. B., and Creyts, T. T.: Preliminary firn-densification model with 38-site dataset, J. Glaciol., 47, 671–676, https://doi.org/10.3189/172756501781831765, 2001.	Gow (1968) as in Spencer et al. (2001)
214	 Kovacs, A., W. F. Weeks, and F. Michitti 1969. Variation of Some Mechanical Properties of Polar Snow, Camp Century, Greenland. CRREL Res. Rpt. 276. as in Spencer, M. K., Alley, R. B., and Creyts, T. T.: Preliminary firn-densification model with 38-site dataset, J. Glaciol., 47, 671–676, https://doi.org/10.3189/172756501781831765, 2001.	Kovacs et al. (1969) as in Spencer et al. (2001)
215	Etheridge, D. M. and C. W. Wookey 1989. Ice core drilling at a high accumulation area of Law Dome, Antarctica, 1987, in Ice Core Drilling, Proceedings of the Third International Workshop on Ice Core Drilling Technology, Grenoble, France, October 10-14, 1988, edited by C. Rado and D. Beaudoing, pp. 86-96, Centre Natl. de la Rech. Sci., Grenoble, https://icedrill.org/library/ice-core-drilling-high-accumulation-area-law-dome-antarctica-1987 as in Spencer, M. K., Alley, R. B., and Creyts, T. T.: Preliminary firn-densification model with 38-site dataset, J. Glaciol., 47, 671–676, https://doi.org/10.3189/172756501781831765, 2001.	Ethderidge and Wookey (1989) as in Spencer et al. (2001)
216	Alley, R. B. 1980. Densification and recrystallization of firn at Dome C, East Antarctica. Institute of Polar Studies Report 77, 62 pp. http://hdl.handle.net/1811/58532 as in Spencer, M. K., Alley, R. B., and Creyts, T. T.: Preliminary firn-densification model with 38-site dataset, J. Glaciol., 47, 671–676, https://doi.org/10.3189/172756501781831765, 2001.	Alley (1980) as in Spencer et al. (2001)
217	Johnsen, S. (1994), personal communication as in Spencer, M. K., Alley, R. B., and Creyts, T. T.: Preliminary firn-densification model with 38-site dataset, J. Glaciol., 47, 671–676, https://doi.org/10.3189/172756501781831765, 2001.	 Johnsen, S. pers. comm. as in Spencer et al. (2001)
218	Mayewski, P.A., Twickler, M.S., Lyons, W.B., Spencer, M.J., Meese, D., Gow, A., Grootes, P., Sowers, T., Watson, S., and Saltzman, E., 1990, The Dominion Range ice core, Queen Maud Mountains, Antarctica - General site and core characteristics with implications, Journal of Glaciology, 36(122): 11-16. https://digitalcommons.library.umaine.edu/ers_facpub/264  as in Spencer, M. K., Alley, R. B., and Creyts, T. T.: Preliminary firn-densification model with 38-site dataset, J. Glaciol., 47, 671–676, https://doi.org/10.3189/172756501781831765, 2001.	Mayewski et al. (1990) as in Spencer et al. (2001)
219	Morgan, V., Wookey, C., Li, J., Van Ommen, T., Skinner, W., & Fitzpatrick, Μ. (1997). Site information and initial results from deep ice drilling on Law Dome, Antarctica. Journal of Glaciology, 43(143), 3-10. doi:10.3189/S0022143000002768 as in Spencer, M. K., Alley, R. B., and Creyts, T. T.: Preliminary firn-densification model with 38-site dataset, J. Glaciol., 47, 671–676, https://doi.org/10.3189/172756501781831765, 2001.	Morgan et al. (1997) as in Spencer et al. (2001)
220	Clausen H.B., personal communication as in Spencer, M. K., Alley, R. B., and Creyts, T. T.: Preliminary firn-densification model with 38-site dataset, J. Glaciol., 47, 671–676, https://doi.org/10.3189/172756501781831765, 2001.	Clausen H.B., pers. comm. as in Spencer et al. (2001)
221	Bader, H. 1954. Sorge's law of densication of snow on high polar glaciers. Journal of Glaciology 2(15), 319-411. as in Spencer, M. K., Alley, R. B., and Creyts, T. T.: Preliminary firn-densification model with 38-site dataset, J. Glaciol., 47, 671–676, https://doi.org/10.3189/172756501781831765, 2001.	Bader (1954) as in Spencer et al. (2001)
222	 Gow, A. J. 1973. Time-temperature dependence of Sintering in Polar Snow Fields. CRREL Technical note. as in Spencer, M. K., Alley, R. B., and Creyts, T. T.: Preliminary firn-densification model with 38-site dataset, J. Glaciol., 47, 671–676, https://doi.org/10.3189/172756501781831765, 2001.	Gow (1973) as in Spencer et al. (2001)
223	Isaksson, E., & Karlén, W. (1994). Spatial and temporal patterns in snow accumulation, western Dronning Maud Land, Antarctica. Journal of Glaciology, 40(135), 399-409.https://doi.org/10.3189/S0022143000007486  as in Spencer, M. K., Alley, R. B., and Creyts, T. T.: Preliminary firn-densification model with 38-site dataset, J. Glaciol., 47, 671–676, https://doi.org/10.3189/172756501781831765, 2001.	Isaksson and Karlén (1994) as in Spencer et al. (2001)
224	Kusunoki K., and Y. Suzuki 1978. Series: Memoirs of National Institute of Polar Research. Special issue, no. 10. Tokyo, National Institute of Polar Research, 172 pp. as in Spencer, M. K., Alley, R. B., and Creyts, T. T.: Preliminary firn-densification model with 38-site dataset, J. Glaciol., 47, 671–676, https://doi.org/10.3189/172756501781831765, 2001.	Kusunoki and Suzuki (1978) as in Spencer et al. (2001)
225	Doumani, G. A. and J. Pirritt 1960. ICG Antarctic Glaciological Data: Field Work 1959-60: Glaciology, Victoria Land Traverse 1959-60. The Ohio State University Research Foundation Report 968-2. http://hdl.handle.net/1811/51131 as in Spencer, M. K., Alley, R. B., and Creyts, T. T.: Preliminary firn-densification model with 38-site dataset, J. Glaciol., 47, 671–676, https://doi.org/10.3189/172756501781831765, 2001.	Doumani and Pirritt (1960) as in Spencer et al. (2001)
226	Watanabe, O., Y. Fujii, T. Kameda, K. Kawada, H. Motoyama, M. Nakawo, H. Narita, F. Nishio, K. Sato, and H. Shoji 1997. Depth-density data of S25, H15, G15, and G6 ice cores collected by the Japanese Antarctic research expeditions. JARE Data Rpt. 26. as in Spencer, M. K., Alley, R. B., and Creyts, T. T.: Preliminary firn-densification model with 38-site dataset, J. Glaciol., 47, 671–676, https://doi.org/10.3189/172756501781831765, 2001.	Watanabe et al. (1997) as in Spencer et al. (2001)
227	 Alley, R. B. 1987. Transformations in Polar Firn. Ph.D. Thesis, University of Wisconsin-Madison, 413 pp. https://www.proquest.com/dissertations-theses/transformations-polar-firn-glaciology-antarctica/docview/303505507/se-2  as in Spencer, M. K., Alley, R. B., and Creyts, T. T.: Preliminary firn-densification model with 38-site dataset, J. Glaciol., 47, 671–676, https://doi.org/10.3189/172756501781831765, 2001.	 Alley (1987) as in Spencer et al. (2001)
228	 Clausen H. B., N. S. Gundestrup, S. J. Johnsen, R. Binchadler, and J. Zwally 1988. Glaciological investigations in the Crete area, Central Greenland: a search for a new deep-drilling Site. Annals of Glaciology 10, 10-15. as in Spencer, M. K., Alley, R. B., and Creyts, T. T.: Preliminary firn-densification model with 38-site dataset, J. Glaciol., 47, 671–676, https://doi.org/10.3189/172756501781831765, 2001.	Clausen et al. (1988) as in Spencer et al. (2001)
229	 Langway, C. C. Jr. 1967. Stratigraphic analysis of a deep ice core from Greenland. CRREL Res. Rpt. 77. as in Spencer, M. K., Alley, R. B., and Creyts, T. T.: Preliminary firn-densification model with 38-site dataset, J. Glaciol., 47, 671–676, https://doi.org/10.3189/172756501781831765, 2001.	Langway (1967) as in Spencer et al. (2001)
230	personal communication from T. Sowers 1996 as in Spencer, M. K., Alley, R. B., and Creyts, T. T.: Preliminary firn-densification model with 38-site dataset, J. Glaciol., 47, 671–676, https://doi.org/10.3189/172756501781831765, 2001.	personal communication from T. Sowers 1996 as in Spencer et al. (2001)
231	Stuart, A. W., and A. J. Heine 1961. ICG Antarctic Glaciological Data: Field Work 1959-60: Glaciology, Victoria Land Traverse 1959-60. The Ohio State University Research Foundation Report 968-1. http://hdl.handle.net/1811/56633 as in Spencer, M. K., Alley, R. B., and Creyts, T. T.: Preliminary firn-densification model with 38-site dataset, J. Glaciol., 47, 671–676, https://doi.org/10.3189/172756501781831765, 2001.	Stuart and Heine (1961) as in Spencer et al. (2001)
232	personal communication from T. Sowers 1994 as in Spencer, M. K., Alley, R. B., and Creyts, T. T.: Preliminary firn-densification model with 38-site dataset, J. Glaciol., 47, 671–676, https://doi.org/10.3189/172756501781831765, 2001.	personal communication from T. Sowers 1994 as in Spencer et al. (2001)
233	Vallelonga, P., Christianson, K., Alley, R. B., Anandakrishnan, S., Christian, J. E. M., Dahl-Jensen, D., Gkinis, V., Holme, C., Jacobel, R. W., Karlsson, N. B., Keisling, B. A., Kipfstuhl, S., Kjær, H. A., Kristensen, M. E. L., Muto, A., Peters, L. E., Popp, T., Riverman, K. L., Svensson, A. M., Tibuleac, C., Vinther, B. M., Weng, Y., and Winstrup, M.: Initial results from geophysical surveys and shallow coring of the Northeast Greenland Ice Stream (NEGIS), The Cryosphere, 8, 1275–1287, https://doi.org/10.5194/tc-8-1275-2014, 2014.	Vallelonga et al. (2014)
234	Harper, J., & Humphrey, N. (2022). Firn density and ice content at sites along the west Expéditions Glaciologiques Internationales au Groenland (EGIG) line, Greenland, 2022. Arctic Data Center. doi:10.18739/A2KH0F10F.	Harper and Humphrey (2022)
235	Harper, J., & Humphrey, N. (2023). Firn density and ice content at sites along the west EGIG line, Greenland, 2018 and 2019. Arctic Data Center. doi:10.18739/A2QB9V701.	Harper and Humphrey (2023)
236	Reed, S. 1966. Performance studyof the Dewlin ice cap stations Greenland, 1963. Cold Regions Research and Engineering Laboratory. Special Report 72.	Reed (1966)
237	Colgan, W., Pedersen, A., Binder, D., Machguth, H., Abermann, J., & Jayred, M. (2018). Initial field activities of the Camp Century Climate Monitoring Programme in Greenland. GEUS Bulletin, 41, 75-78. https://doi.org/10.34194/geusb.v41.4347. Data: Colgan, W., Camp Century: Firn density measurements in cores B73 and B62, https://doi.org/10.22008/FK2/UFGONU, GEUS Dataverse, V1, 2021	Colgan et al. (2018), Colgan (2021)
238	Clerx, N., Machguth, H., Tedstone, A., Jullien, N., Wever, N., Weingartner, R., and Roessler, O.: In situ measurements of meltwater flow through snow and firn in the accumulation zone of the SW Greenland Ice Sheet, The Cryosphere, 16, 4379–4401, https://doi.org/10.5194/tc-16-4379-2022, 2022. Data: Clerx, N., Machguth, H., Tedstone, A., Jullien, N., Wever, N., Weingartner, R., and Roessler, O. (2022). DATASET: In situ measurements of meltwater flow through snow and firn in the accumulation zone of the SW Greenland Ice Sheet [Data set]. In The Cryosphere. Zenodo. https://doi.org/10.5281/zenodo.7119818	Clerx et al. (2022)
239	 Kawakami, K., Iizuka, Y., Sasage, M., Matsumoto, M., Saito, T., Hori, A., et al. (2023). SE-Dome II ice core dating with half-year precision: Increasing melting events from 1799 to 2020 in southeastern Greenland. Journal of Geophysical Research: Atmospheres, 128, e2023JD038874. https://doi.org/10.1029/2023JD038874. Data: Kawakami, K.; Iizuka, Y. (2023-08-11): NOAA/WDS Paleoclimatology - SE-Dome ll Ice Core, South Eastern Greenland Accumulation Rate, Melt Crust and Feature, H2O2 and Tritium Concentration, Bulk Density and Electrical Conductivity Data from 1800 to 2020 CE. NOAA National Centers for Environmental Information. https://doi.org/10.25921/bx51-ng14.	Kawakami et al. (2023)
240	Wilhelms, Frank (2007): Density of firn core DML94C07_38. Alfred Wegener Institute, Helmholtz Centre for Polar and Marine Research, Bremerhaven, PANGAEA, https://doi.org/10.1594/PANGAEA.615180	Wilhelms (2007a,b)
241	Akers, Pete D; Savarino, Joël; Caillon, Nicolas; Servettaz, Aymeric P M; Le Meur, Emmanuel; Magand, Olivier; Agosta, Cécile; Crockford, Peter; Kobayashi, Kanon; Hattori, Shohei; Curran, Mark; van Ommen, Tas D; Jong, Lenneke; Roberts, Jason L; Martins, Jean (2022): Ice density-based surface mass balance from the ABN1314-103 ice core, Aurora Basin North, Antarctica. PANGAEA, https://doi.org/10.1594/PANGAEA.941489	Akers et al. (2022)
242	Stevens, C., Lilien, D., Conway, H., Fudge, T., Koutnik, M., & Waddington, E. (2023). A new model of dry firn-densification constrained by continuous strain measurements near South Pole. Journal of Glaciology, 1-15. doi:10.1017/jog.2023.87. Data: Stevens, C., Conway, H., Fudge, T. J., Koutnik, M., Lilien, D., & Waddington, E. D. (2023) Firn density and compaction rates 50km upstream of South Pole U.S. Antarctic Program (USAP) Data Center. doi: https://doi.org/10.15784/601680. 	Stevens et al. (2023)
243	Gregory, S. A., Albert, M. R., and Baker, I.: Impact of physical properties and accumulation rate on pore close-off in layered firn, The Cryosphere, 8, 91–105, https://doi.org/10.5194/tc-8-91-2014, 2014. Data: Mary, A. 2015. Firn Permeability and Density at WAIS Divide. Boulder, Colorado USA: National Snow and Ice Data Center. http://dx.doi.org/10.7265/N57942NT	Gregory et al. (2014), Albert (2015)
244	Fourteau, K., Arnaud, L., Faïn, X., Martinerie, P., Etheridge, D. M., Lipenkov, V., and Barnola, J.-M.: Historical porosity data in polar firn, Earth Syst. Sci. Data, 12, 1171–1177, https://doi.org/10.5194/essd-12-1171-2020, 2020. Data: Fourteau, Kévin; Arnaud, Laurent; Faïn, Xavier; Martinerie, Patricia; Etherdige, David M; Lipenkov, Vladimir Ya; Barnola, Jean-Marc (2019): Gas pycnometry firn porosity data of a firn ice core from site DE08-2. PANGAEA, https://doi.org/10.1594/PANGAEA.907674, 	Fourteau (2019a,b,c)
245	Fourteau, K., Arnaud, L., Faïn, X., Martinerie, P., Etheridge, D. M., Lipenkov, V., and Barnola, J.-M.: Historical porosity data in polar firn, Earth Syst. Sci. Data, 12, 1171–1177, https://doi.org/10.5194/essd-12-1171-2020, 2020. Data: Fourteau, Kévin; Arnaud, Laurent; Faïn, Xavier; Martinerie, Patricia; Etherdige, David M; Lipenkov, Vladimir Ya; Barnola, Jean-Marc (2019): Gas pycnometry firn porosity data of a firn ice core from site Summit. PANGAEA, https://doi.org/10.1594/PANGAEA.907675, 	Fourteau (2019a,b,c)
246	Fourteau, K., Arnaud, L., Faïn, X., Martinerie, P., Etheridge, D. M., Lipenkov, V., and Barnola, J.-M.: Historical porosity data in polar firn, Earth Syst. Sci. Data, 12, 1171–1177, https://doi.org/10.5194/essd-12-1171-2020, 2020. Data: Fourteau, Kévin; Arnaud, Laurent; Faïn, Xavier; Martinerie, Patricia; Etherdige, David M; Lipenkov, Vladimir Ya; Barnola, Jean-Marc (2019): Gas pycnometry firn porosity data of a firn ice core from site Vostok. PANGAEA, https://doi.org/10.1594/PANGAEA.907676, 	Fourteau (2019a,b,c)
247	Cunde, X., Yuansheng, L., Allison, I., Shugui, H., Dreyfus, G., Barnola, J., . . . Kameda, T. (2008). Surface characteristics at Dome A, Antarctica: First measurements and a guide to future ice-coring sites. Annals of Glaciology, 48, 82-87. doi:10.3189/172756408784700653	Cunde et al. (2008)
248	TalDIce ice core	TalDIce ice core
249	WAIS cores, T. Sowers, C. Buizert, personal communication	WAIS cores
250	SPICE cores, T. Sowers, C. Buizert, personal communication	SPICE cores
251	"Jones, T. R., White, J. W. C., and Popp, T.: Siple Dome shallow ice cores: a study in coastal dome microclimatology, Clim. Past, 10, 1253–1267, https://doi.org/10.5194/cp-10-1253-2014, 2014. Data from: Lamorey, G. W. (2003) ""Siple Shallow Core Density Data"" U.S. Antarctic Program (USAP) Data Center. doi: https://doi.org/10.7265/N52F7KCD."	Jones et al. (2014); Lamorey (2003)
252	Winstrup, M., Vallelonga, P., Kjær, H. A., Fudge, T. J., Lee, J. E., Riis, M. H., Edwards, R., Bertler, N. A. N., Blunier, T., Brook, E. J., Buizert, C., Ciobanu, G., Conway, H., Dahl-Jensen, D., Ellis, A., Emanuelsson, B. D., Hindmarsh, R. C. A., Keller, E. D., Kurbatov, A. V., Mayewski, P. A., Neff, P. D., Pyne, R. L., Simonsen, M. F., Svensson, A., Tuohy, A., Waddington, E. D., and Wheatley, S.: A 2700-year annual timescale and accumulation history for an ice core from Roosevelt Island, West Antarctica, Clim. Past, 15, 751–779, https://doi.org/10.5194/cp-15-751-2019, 2019. Data: Winstrup, Mai (2019): Roosevelt Island Climate Evolution (RICE) ice core: The RICE17 chronology and accumulation record for the past 2700 years. PANGAEA, https://doi.org/10.1594/PANGAEA.899147	Winstrup et al. (2019); Winstrup (2019)
253	Harper, J., Humphrey, N. (2023). Firn core density and ice content at sites along the lower Expéditions Glaciologiques Internationales au Groenland (EGIG) line, Western Greenland, 2023. Arctic Data Center. doi:10.18739/A2DB7VR82.	Harper and Humphrey (2023)
254	Rasmussen, Sune Olander; Vinther, Bo Møllesøe; Freitag, Johannes; Kipfstuhl, Sepp (2023): EastGRIP snow-pack and ice-core densities (measured and modelled) [dataset bundled publication]. PANGAEA, https://doi.org/10.1594/PANGAEA.962754	Rasmussen et al. (2023)
255	Larue, F., Picard, G., Aublanc, J., Arnaud, L., Robledano-Perez, A., Meur, E. L., Favier, V., Jourdain, B., Savarino, J., & Thibaut, P. (2021). Radar altimeter waveform simulations in Antarctica with the Snow Microwave Radiative Transfer Model (SMRT). Remote Sensing of Environment, 263, 112534. doi:10.1016/j.rse.2021.112534. Data: Picard, G., Löwe, H., Arnaud, L., Larue, F., Favier, V., Le Meur, E., Lefebvre, E., Savarino, J., Royer, A. Krol, Q. , Jourdain, B. (2022) Snow properties in Antarctica, Canada and the Alps for microwave emission and backscatter modeling [Data set]	Larue et al. (2021) Picard et al. (2022)
256	Winski, D. A., Alley, R., et al. (2019). The South Pole Ice Core (SPICEcore) chronology and supporting data. U.S. Antarctic Program (USAP) Data Center. doi: https://doi.org/10.15784/601206	Winski et al. (2019)
257	Favier, V.: GacioClim-SAMBA dataset (2024)	GlacioClim-SAMBA (2024)
258	Taveres, F.A., Simoes, J.C., Bernardo, R.T., Gerhard, N.P., Casassa, G. and Marquetto, L. (2020). Razoes de isotopos estaveis em um testemunho de firn do manto de gelo da Antartica Oriental. Pesquisas em Geociencias 47, e094026-e094026. doi: 10.22456/1807-9806.108585	Taveres et al. (2020)
259	Marques, M. de M., Peralba, M. do C. R., Simoes, J. C., Bernardo, R. T., Sneed, S. B., and Casassa, G. (2014). Analysis of an Antarctic ice core by ion chromatography (Mg2+, Na+, Cl?, and SO42? content). Geochimica Brasiliensis 28(1). 86-96. doi: 10.22456/1807-9806.108585	Marques et al. (2014)
260	Portella, M. B. P., Simoes, J. C., Bernardo, R. T., Ilha, J. G., and Casassa, G. (2023). Stable-isotope ratios (d18O and dD) in a firn core from West Antarctica. An. Acad. Bras. Cienc. 95, e20230132. doi: 10.1590/0001-3765202320230132	Portella et al. (2023)
261	HAMMES, D.F. ; SIMOES, J. C. ; CERON, M. S. ; REIS DOS SANTOS, M. A. ; VIEIRA, R. . Analisis geoquimico de testigos de hielo provenientes de travesia antartica-resultados preliminares. Boletin de geologia, v.31, p. 1-10, 2009	Hammes et al. (2009)
262	Schwanck, F., Simoes, J. C., Handley, M., and Casassa, G. (2014). Determinacao de elementos-traco em testemunho de firn antartico usando ICP-MS. Geochimica Brasiliensis 28, 97-97. doi: 10.5327/Z0102-9800201400010010	Schwanck et al. (2014)
263	Schwanck, F., Simoes, J. C., Handley, M., Mayewski, P. A., Bernardo, R. T., and Aquino, F. E. (2016). Drilling, processing and first results for Mount Johns ice core in West Antarctica Ice Sheet. Braz. J. Geol. 46, 29-40. doi: 10.1590/2317-4889201620150035	Schwanck et al. (2016)
264	Marcher, A., Simäes, J. C., Bernardo, R. T., Aquino, F. E., Thoen, I. U., Valente, P. T., et al. (2022). The stable water isotopes and snow accumulation from Weddell Sea sector imprint the large-scale atmospheric circulation variability. The Cryosphere Discussions, 1-51. doi: 10.5194/tc-2022-161	Marcher et al. (2022)
265	Ferreira, R.S., Simoes, J.C., Thoen, I.U., Bernardo, R.T. Glaciochemistry and environmental interpretation of a snow core from West Antarctica. Manuscript AABC-2024-0243 submitted to the Annal of the Brazilian Academy of Sciences (2024)	Ferreira et al. (2024)
266	Marquetto, L., Kaspari, S., and Simoes, J. C. (2020). Refractory black carbon (rBC) variability in a 47-year West Antarctic snow and firn core. The Cryosphere 14, 1537-1554. doi: 10.5194/tc-14-1537-2020	Marquetto et al. (2020)
267	SIMOES, J. C.; FERRON, F. A. ; ARISTARAIN, A. J. ; BERNARDO, R. T. ; STIEVENARD, M. ; POURCHET, M. . Ice core study from the King George Island, South Shetlands, Antarctica. Pesquisa Antartica Brasileira, Rio de Janeiro, v. 4, p. 9--23, 2004. http://dx.doi.org/10.31789/pab.v4n1.002	Simoes et al. (2004a)
268	Gerhard, N. P.; Simoes, J. C.; Ferron, F. A.; Bernardo, R. T.; Correia, A. L.; Schwanck, F. Trace elements in an ultraclean snow pit on the King George Island. In: XXXV Scientific Committee on Antarctic Research (SCAR), Davos, Switzerland, 2018.	Gerhard et al. (2018)
269	Verfaillie, D., Fily, M., Le Meur, E., Magand, O., Jourdain, B., Arnaud, L., and Favier, V.: Snow accumulation variability derived from radar and firn core data along a 600 km transect in Adelie Land, East Antarctic plateau, The Cryosphere, 6, 1345–1358, https://doi.org/10.5194/tc-6-1345-2012, 2012.	Verfaillie et al. (2012)
270	Raynaud, D., Barnola, J. An Antarctic ice core reveals atmospheric CO2 variations over the past few centuries. Nature 315, 309–311 (1985). https://doi.org/10.1038/315309a0	Raynaud and Barnola (1985)
271	Arnaud L, Lipenkov V, Barnola JM, Gay M, Duval P. Modelling of the densification of polar firn: characterization of the snow–firn transition. Annals of Glaciology. 1998;26:39-44. doi:10.3189/1998AoG26-1-39-44 	Arnaud et al. (1998)
